IID	super_pop
HG00101	EUR
HG00116	EUR
HG00119	EUR
HG00122	EUR
HG00128	EUR
HG00176	EUR
HG00233	EUR
HG00244	EUR
HG00245	EUR
HG00282	EUR
HG00290	EUR
HG00306	EUR
HG00358	EUR
HG00384	EUR
HG00406	EAS
HG00409	EAS
HG00428	EAS
HG00537	EAS
HG00542	EAS
HG00565	EAS
HG00581	EAS
HG00589	EAS
HG00620	EAS
HG00657	EAS
HG00704	EAS
HG00736	AMR
HG00851	EAS
HG00864	EAS
HG01029	EAS
HG01067	AMR
HG01111	AMR
HG01119	AMR
HG01121	AMR
HG01139	AMR
HG01183	AMR
HG01195	AMR
HG01248	AMR
HG01254	AMR
HG01284	AMR
HG01308	AMR
HG01325	AMR
HG01341	AMR
HG01360	AMR
HG01374	AMR
HG01389	AMR
HG01396	AMR
HG01432	AMR
HG01435	AMR
HG01438	AMR
HG01483	AMR
HG01492	AMR
HG01518	EUR
HG01528	EUR
HG01593	SAS
HG01610	EUR
HG01675	EUR
HG01697	EUR
HG01710	EUR
HG01767	EUR
HG01781	EUR
HG01800	EAS
HG01802	EAS
HG01804	EAS
HG01811	EAS
HG01812	EAS
HG01852	EAS
HG01853	EAS
HG01857	EAS
HG01859	EAS
HG01860	EAS
HG01865	EAS
HG01880	AFR
HG01892	AMR
HG01921	AMR
HG01924	AMR
HG01958	AFR
HG01979	AMR
HG01985	AFR
HG02009	AFR
HG02010	AFR
HG02031	EAS
HG02047	EAS
HG02057	EAS
HG02086	EAS
HG02107	AFR
HG02116	EAS
HG02137	EAS
HG02153	EAS
HG02154	EAS
HG02168	EAS
HG02169	EAS
HG02182	EAS
HG02184	EAS
HG02188	EAS
HG02265	AMR
HG02272	AMR
HG02274	AMR
HG02282	AFR
HG02299	AMR
HG02343	AFR
HG02375	EAS
HG02390	EAS
HG02395	EAS
HG02401	EAS
HG02405	EAS
HG02427	AFR
HG02464	AFR
HG02481	AFR
HG02505	AFR
HG02508	AFR
HG02521	EAS
HG02546	AFR
HG02554	AFR
HG02555	AFR
HG02558	AFR
HG02570	AFR
HG02588	AFR
HG02595	AFR
HG02597	SAS
HG02603	SAS
HG02604	SAS
HG02623	AFR
HG02646	AFR
HG02651	SAS
HG02657	SAS
HG02675	AFR
HG02682	SAS
HG02691	SAS
HG02715	AFR
HG02716	AFR
HG02759	AFR
HG02760	AFR
HG02781	SAS
HG02805	AFR
HG02810	AFR
HG02811	AFR
HG02837	AFR
HG02854	AFR
HG02869	AFR
HG02878	AFR
HG02879	AFR
HG02881	AFR
HG02882	AFR
HG02895	AFR
HG02941	AFR
HG02965	AFR
HG02973	AFR
HG02977	AFR
HG03007	SAS
HG03018	SAS
HG03022	SAS
HG03057	AFR
HG03060	AFR
HG03076	AFR
HG03077	AFR
HG03078	AFR
HG03079	AFR
HG03081	AFR
HG03084	AFR
HG03099	AFR
HG03100	AFR
HG03117	AFR
HG03132	AFR
HG03133	AFR
HG03157	AFR
HG03159	AFR
HG03162	AFR
HG03172	AFR
HG03175	AFR
HG03190	AFR
HG03228	SAS
HG03229	SAS
HG03238	SAS
HG03250	AFR
HG03267	AFR
HG03270	AFR
HG03295	AFR
HG03307	AFR
HG03311	AFR
HG03339	AFR
HG03342	AFR
HG03372	AFR
HG03378	AFR
HG03384	AFR
HG03385	AFR
HG03388	AFR
HG03398	AFR
HG03408	AFR
HG03442	AFR
HG03446	AFR
HG03449	AFR
HG03455	AFR
HG03460	AFR
HG03464	AFR
HG03472	AFR
HG03488	SAS
HG03538	AFR
HG03558	AFR
HG03566	AFR
HG03572	AFR
HG03594	SAS
HG03604	SAS
HG03625	SAS
HG03644	SAS
HG03650	SAS
HG03653	SAS
HG03682	SAS
HG03692	SAS
HG03699	SAS
HG03700	SAS
HG03705	SAS
HG03708	SAS
HG03714	SAS
HG03725	SAS
HG03742	SAS
HG03743	SAS
HG03755	SAS
HG03757	SAS
HG03761	SAS
HG03762	SAS
HG03772	SAS
HG03789	SAS
HG03790	SAS
HG03797	SAS
HG03806	SAS
HG03829	SAS
HG03830	SAS
HG03847	SAS
HG03863	SAS
HG03864	SAS
HG03871	SAS
HG03876	SAS
HG03895	SAS
HG03908	SAS
HG03910	SAS
HG03913	SAS
HG03920	SAS
HG03926	SAS
HG03928	SAS
HG03931	SAS
HG03948	SAS
HG03955	SAS
HG03963	SAS
HG03967	SAS
HG03971	SAS
HG03986	SAS
HG03995	SAS
HG04014	SAS
HG04017	SAS
HG04019	SAS
HG04039	SAS
HG04050	SAS
HG04058	SAS
HG04061	SAS
HG04070	SAS
HG04107	SAS
HG04140	SAS
HG04144	SAS
HG04153	SAS
HG04159	SAS
HG04164	SAS
HG04183	SAS
HG04185	SAS
HG04214	SAS
HG04222	SAS
HG04238	SAS
NA07022	EUR
NA07345	EUR
NA07357	EUR
NA12003	EUR
NA12264	EUR
NA12282	EUR
NA12414	EUR
NA12489	EUR
NA12717	EUR
NA18486	AFR
NA18489	AFR
NA18498	AFR
NA18509	AFR
NA18516	AFR
NA18519	AFR
NA18520	AFR
NA18548	EAS
NA18552	EAS
NA18570	EAS
NA18592	EAS
NA18599	EAS
NA18639	EAS
NA18641	EAS
NA18648	EAS
NA18740	EAS
NA18858	AFR
NA18861	AFR
NA18870	AFR
NA18877	AFR
NA18878	AFR
NA18881	AFR
NA18907	AFR
NA18910	AFR
NA18913	AFR
NA18917	AFR
NA18933	AFR
NA18955	EAS
NA18961	EAS
NA18971	EAS
NA18977	EAS
NA18991	EAS
NA19005	EAS
NA19024	AFR
NA19035	AFR
NA19037	AFR
NA19038	AFR
NA19067	EAS
NA19077	EAS
NA19092	AFR
NA19099	AFR
NA19108	AFR
NA19118	AFR
NA19128	AFR
NA19131	AFR
NA19141	AFR
NA19143	AFR
NA19146	AFR
NA19175	AFR
NA19184	AFR
NA19190	AFR
NA19198	AFR
NA19200	AFR
NA19206	AFR
NA19223	AFR
NA19235	AFR
NA19310	AFR
NA19346	AFR
NA19351	AFR
NA19371	AFR
NA19376	AFR
NA19379	AFR
NA19393	AFR
NA19403	AFR
NA19404	AFR
NA19430	AFR
NA19437	AFR
NA19439	AFR
NA19448	AFR
NA19455	AFR
NA19475	AFR
NA19654	AMR
NA19714	AFR
NA19726	AMR
NA19747	AMR
NA19770	AMR
NA19788	AMR
NA19818	AFR
NA19835	AFR
NA19914	AFR
NA19917	AFR
NA19920	AFR
NA19922	AFR
NA20281	AFR
NA20335	AFR
NA20339	AFR
NA20340	AFR
NA20345	AFR
NA20346	AFR
NA20348	AFR
NA20356	AFR
NA20503	EUR
NA20527	EUR
NA20528	EUR
NA20531	EUR
NA20532	EUR
NA20542	EUR
NA20759	EUR
NA20772	EUR
NA20800	EUR
NA20819	EUR
NA20859	SAS
NA20868	SAS
NA20874	SAS
NA20875	SAS
NA20887	SAS
NA20890	SAS
NA20899	SAS
NA20904	SAS
NA21089	SAS
NA21090	SAS
NA21098	SAS
NA21099	SAS
NA21100	SAS
NA21101	SAS
NA21103	SAS
NA21105	SAS
NA21107	SAS
NA21109	SAS
NA21117	SAS
NA21122	SAS
NA21125	SAS
NA21127	SAS
NA21129	SAS
