PC1,PC2,PC3,PC4,PC5,PC6,PC7,PC8,PC9,PC10,PC11,PC12,PC13,PC14,PC15,PC16,PC17,PC18,PC19,PC20,superpop
-0.8692274,0.88685966,-1.221122,-0.6752682,1.0476325,-0.31758463,0.13948506,2.3402624,-0.59385455,-0.3060557,0.6771293,0.6808614,0.19948451,0.79926956,-0.2619034,0.15132962,-0.22775266,-0.8675905,0.33980533,-1.1494229,0.0
8.652219,7.12738,8.035254,7.66347,7.1429343,1.5852454,1.7287278,-0.99337685,0.774396,0.69199395,-1.01848,-0.80337167,0.074827306,0.35310844,1.0170106,0.93026996,-0.60679215,-0.5252235,-0.56618774,0.00066039857,4.0
10.278784,8.470729,8.607823,7.9416623,8.3600025,0.46668175,1.2830665,1.2678007,0.29363382,-0.41394946,-0.09598523,-1.3280705,0.2323687,0.86146563,0.6217573,-1.7811896,-0.033880107,-0.5396063,-1.807376,0.34253952,4.0
6.8532333,6.0550637,4.257463,6.875004,4.4478674,-0.64898264,-0.0773763,-0.6042144,-0.5731476,0.9577846,0.0009820232,-1.3847686,-0.1879199,1.0325041,-0.2486539,-0.47208986,1.3109189,-0.31670693,-0.1861041,-0.5764602,3.0
5.1737514,5.777932,4.205057,6.729932,5.4381285,-0.15792575,1.5042593,-1.3950295,0.5935117,0.33137852,-1.0592327,-0.62799966,-0.27133808,1.8469073,-0.031249959,-0.0938727,-1.6803584,1.3298597,0.1382938,1.0734841,3.0
6.409629,4.4578733,4.9871383,5.9702625,7.2995844,0.42006436,2.429149,1.398059,-0.6280987,1.1968799,0.6109935,-0.45477438,1.3261192,0.5883323,-1.2547675,1.3883021,-0.45518342,0.3185958,-0.35494208,0.68589437,3.0
2.820198,1.8370185,1.1448524,1.2482919,1.9052873,-2.3144305,0.556534,0.50569206,-0.06984274,-1.0454406,0.61336625,0.4634071,0.9385231,1.4252927,1.5083258,0.10539497,-1.315819,-0.35000098,-0.90426475,-0.61032784,1.0
2.739802,1.8213998,2.07849,1.560182,3.237379,-1.5462023,0.7171652,0.7770326,-0.009674912,0.26038763,0.28203353,0.25829947,-0.03398452,0.5267399,-0.08607336,-1.6189772,0.76300204,0.22761525,-1.4569789,1.7043737,1.0
6.3840294,8.093433,6.6102233,7.689544,9.069298,1.4393831,0.5064594,0.8359753,-0.04978524,0.37449503,1.4388534,1.4150813,-0.15891987,-0.73604894,-0.23351878,-0.5403915,0.18786828,0.11460264,1.1903714,0.5201455,4.0
3.611564,3.9684215,3.4394116,3.3444757,3.913674,1.4790541,0.94281805,-0.12442945,-1.5082921,-0.71995616,-1.190967,1.3271062,1.4336232,0.31235814,1.2340467,-0.07613173,-1.5848289,0.21679449,-0.14276333,1.4274154,2.0
7.082293,6.183323,6.4038897,7.607359,7.08345,0.7274637,0.5772562,0.5368813,1.416126,0.4737563,0.082703345,-1.3033512,0.5189929,1.3394899,-0.23876244,-0.067961216,1.1349249,0.86577237,0.633352,-0.5392033,3.0
8.018176,9.414193,6.256242,8.112893,7.8515043,-0.25285253,-1.3820223,0.9391634,0.3561815,-0.6561665,0.67499673,1.2909728,-0.8332281,-0.3416161,0.7181531,0.8066805,-0.7783447,0.017674841,1.1869689,-0.59568787,4.0
1.532894,2.1331484,1.2453,1.8317719,2.3466506,1.1960464,0.0507444,-2.4047236,1.6730069,-0.4568237,-0.08105227,0.8787492,-0.5955836,1.101901,0.5538652,-0.9508781,-1.1833901,-0.82016397,0.30568314,0.1398253,1.0
5.3628674,5.11047,6.5973577,5.3807197,4.228388,-0.020930577,0.5845617,0.61586004,-0.49985203,0.039947726,-0.7814638,0.31946027,0.2995379,-0.39653328,-0.53094715,0.93561554,-0.88726664,0.5297974,0.2683995,0.35011527,3.0
5.668631,5.6511,6.767885,5.667139,5.0827184,0.8372089,1.4950181,-0.8303458,-1.2990623,-1.4490054,-1.1116694,1.9441301,0.8532948,-1.4188342,0.98297036,-0.5386842,-0.95864296,1.5238656,0.049686838,-0.10363245,3.0
-1.425911,0.33642095,-0.060710046,-2.7827954,-0.4793284,-0.19467413,-1.3608466,1.379561,-0.27945054,-0.2199967,1.1315615,-0.55813056,0.55031455,-0.23263192,-1.1290799,-2.2447624,-0.62452555,-1.5477768,-0.43917063,-0.8290018,0.0
2.9502769,4.834068,5.5749755,3.4380906,2.152985,-0.5631663,-0.29311785,-1.5726203,0.77830064,-0.26398358,-1.2448606,1.1790427,-0.20898786,2.7948596,0.9469398,1.1613066,0.48904976,-0.15927695,0.18957783,0.65355754,2.0
3.029478,1.5325644,3.2099822,1.0707295,0.9353237,-0.87338495,0.14443307,-0.11456212,0.4030788,0.783391,1.6240975,-1.9683785,0.41863957,0.7187444,-0.49182698,0.6325046,0.4409003,-2.0394561,1.0628663,0.77601296,1.0
4.0096235,3.7389765,4.401069,4.167187,3.3475356,2.3190866,-0.3155666,1.2293459,0.0073606614,0.32083952,0.8575481,-0.06394693,0.16331865,1.1104544,0.6585893,-0.1844671,0.26986125,0.40335152,-1.3365353,1.08149,2.0
1.7802378,1.2494383,2.9104774,3.499604,3.0352848,-0.16316445,0.2580013,0.8273086,-0.24229655,-0.18000333,0.9583788,0.37814003,0.75565326,0.17704019,1.4330007,0.07244384,-0.770464,0.45658717,-1.315046,-0.5072199,1.0
0.43172336,0.5053895,-0.70117974,-1.4619617,1.0286627,0.047581047,0.4148639,-2.7009306,-0.46177635,0.4607244,0.53581893,1.0057622,-0.51035285,0.87927073,1.7738712,-0.13286506,-0.092864335,0.7552723,-0.82262105,-0.23406623,0.0
4.0481563,5.35002,7.3482265,6.309952,5.0202513,-1.3293432,-0.9842691,0.62863904,-0.41744223,1.7064806,-0.2508097,-0.03361201,1.0026021,0.348723,-0.4209825,-0.64503807,1.5778065,0.10752751,1.1045673,0.5975854,3.0
2.4007795,2.4854813,0.27264404,0.45129716,2.638115,-0.5026921,-0.99724096,-0.5642583,1.2818675,0.4397559,-0.48389226,-1.7124406,1.1768451,0.11981529,0.6613006,1.7996032,-1.1858695,-0.94936,1.8357196,1.2281891,1.0
9.214337,8.536807,7.4081907,9.135896,8.934776,0.50409085,0.66533536,-0.601616,-0.932598,0.07411814,0.21128911,0.026312185,0.26609203,-1.2686149,-0.060004313,1.2470573,-0.46734902,1.5499024,0.4501675,1.2971551,4.0
6.679712,5.4720073,7.0699015,4.928658,5.5172777,0.068820074,0.3631861,-0.3995832,-0.3808898,-1.2363336,0.15673366,0.6196062,-0.12435576,-0.6375985,-0.08423545,-0.37873507,-0.30233616,-0.81448144,-0.9166911,0.5425161,3.0
3.3377805,1.9287273,0.353086,2.840977,3.9319985,0.33773634,-0.6940234,-0.38390836,0.34688562,2.55158,-0.8072035,3.3628078,1.2803383,0.8974211,0.0035554902,-0.23826396,-1.841242,-0.6197159,-1.18009,-0.8509625,1.0
7.173904,7.3299055,8.962,6.3068976,7.289822,2.8641133,1.0953146,0.77987,0.5384628,0.9187522,-1.1019765,1.5297225,-0.26116738,-0.00061217375,1.5526317,-0.92553604,-0.18804802,0.09769333,0.9962014,-1.3021694,4.0
2.785057,4.178467,4.6957197,4.0312414,5.1686344,-0.37791055,0.0141556505,-0.6414207,0.87676734,1.4545463,0.03723683,0.9660861,0.9985602,0.18609315,0.4123595,-0.9746047,0.49443793,1.1529002,0.17298205,0.3971927,2.0
6.581709,8.397676,8.706756,6.154173,7.1989417,-1.5775687,-0.91714334,-0.23112394,-1.1705186,-0.9801229,0.055551693,-0.62611926,-0.5793586,-0.594842,0.0714439,0.34203848,0.3724806,0.48523873,0.0847552,0.2619567,4.0
7.0898314,7.85766,8.298911,9.45714,7.6862373,1.2275796,-0.5929,-0.33637235,-0.03208916,-0.56835663,-1.4244142,-1.3246591,1.6700603,-1.5656097,-0.5449694,0.31158468,0.59308046,1.8193921,-0.879195,-1.1781039,4.0
6.3590875,6.219908,6.6676745,6.63482,5.491729,1.239706,0.42371237,0.26685122,0.3025256,-1.4626768,-0.73234415,-1.0476098,-1.5174758,-1.0135499,1.3760133,1.4396725,-0.07409196,-1.0500745,0.5453902,1.2172711,3.0
1.1532469,-0.15164375,2.2473671,0.5535836,0.6849227,0.17258528,-0.08771511,-0.42181757,-1.1414005,-1.907376,-1.194723,-0.0979339,0.009372033,-0.1997093,1.4665723,-1.794983,-1.0095614,1.066219,-0.026678767,-0.4104823,1.0
3.640917,3.1806092,5.690116,4.25804,0.05448699,1.1363208,0.4543146,-1.0420363,0.46329707,-1.6464735,-0.88882846,1.7224642,-0.52207077,-0.097925685,0.33380675,0.62763876,2.888136,1.5409017,-0.45909932,-0.576277,2.0
6.9959574,5.780197,6.1396637,5.74818,5.639496,-1.1880493,-1.3642507,0.580544,-0.4648768,0.2402582,-0.1997478,0.02583824,-0.68853104,-0.044598997,-0.80908257,0.15096657,0.63668895,-0.8893891,-0.80924785,1.7103343,3.0
4.375682,3.0555441,3.41296,3.747578,5.300588,0.25172508,1.4006069,-0.70069945,-0.29083338,0.63280696,-0.69988763,-0.47054502,-1.5116411,0.19068012,0.20442297,0.1638638,-0.14331236,0.30630353,1.0658444,-2.35344,2.0
7.165774,6.1701097,6.528816,8.889062,7.139879,-0.43667,-1.2867696,-0.7686097,-0.43936512,0.44947553,-2.0128057,3.0877275,-0.1006235,-1.480006,1.0192475,0.06031698,-0.93969834,0.1998786,-0.39759028,2.0581777,3.0
6.013116,4.8535676,5.739658,5.68845,6.893644,-1.0561293,-0.1776602,-0.4504192,0.0008463413,-0.07894795,0.8750731,0.55482405,-0.9747807,-0.5950321,-1.2984211,0.54262847,0.28196397,0.9745332,0.18803418,-0.959877,3.0
1.5233634,-0.04443884,1.8138925,4.2573423,1.6278872,-0.93880713,-0.5784438,-0.8541008,0.0735566,0.10260795,0.5591299,0.5856649,-0.92493695,-0.023937877,1.6296633,-1.1815894,1.404683,-0.61112016,-0.47914428,1.2319517,1.0
1.6805794,2.7784734,4.03812,3.7451909,4.301249,0.2296886,0.0803151,1.6567932,-0.06448023,1.1780511,-1.6686825,-2.4123685,0.64837444,-0.8720804,0.33943793,0.23797365,0.07510705,-0.10815255,1.7868959,-0.44338182,2.0
-0.12207044,-0.546574,-0.23586555,-0.4187658,1.9287812,0.8981295,0.3754639,-0.36054337,0.7437389,-2.0438313,-1.2827394,-1.4401957,1.7938882,0.97770685,-0.24520205,0.12192971,0.010115917,0.8362345,1.2051383,-0.06829902,0.0
1.5082219,-0.042433627,0.49978924,-0.81991404,0.42095333,-1.7431364,-1.6584054,1.7252187,-0.44258314,-1.5349485,0.0011118188,-0.83200604,0.63566846,-0.77745694,-0.055710047,-0.044337865,-0.36605516,-0.11229835,0.14006455,-1.0771959,0.0
9.155711,6.976614,8.919882,9.301926,8.459214,0.08792575,0.94428265,-0.759853,1.6395814,-1.9154357,-1.8656726,-0.6707625,0.119513445,1.6996214,0.6386563,-1.0974824,-2.1761847,-1.2711239,0.37099415,-0.26578546,4.0
0.010299278,-1.3901092,-0.05891708,0.15764338,-1.2374638,1.154078,0.8352466,1.7608097,1.0910171,-0.18469022,0.07862995,-0.8521186,0.5188126,0.034247927,1.0574521,0.17533396,-0.2595789,0.395707,0.4420772,0.9448216,0.0
6.3387623,5.2813635,5.4991326,6.7133994,6.1131306,-1.4704816,-0.54536027,0.09845352,-0.121759765,0.32737237,-1.0496706,0.2502202,-0.8610052,2.1536274,-0.016886199,1.4171535,-0.4237415,-0.07694056,0.53620404,0.64853185,3.0
6.060491,3.489588,7.4279733,6.5847225,4.6796427,-0.27814698,-1.4720324,1.2682803,-0.14550088,-1.1986969,-0.66463476,-1.4525177,0.12737149,1.6438904,-0.31107315,-1.0572126,-1.3775625,0.8251971,-0.40312594,-1.4637673,3.0
0.88068414,2.5288126,0.8600955,-0.7065307,-1.2231157,0.15795596,0.91900754,-0.5054601,1.2475593,1.0366169,-1.4056983,-1.2861879,-0.4171432,0.5089526,-1.4699302,0.38037774,-0.011607639,0.0692674,-1.1396463,-0.36024857,0.0
6.1702576,7.1178703,7.0017724,4.280115,3.4950738,0.8456535,1.1251909,0.26183143,-0.6370095,-0.47477937,-1.9858449,-0.37474173,-2.0303705,0.3135356,-0.55171514,0.80910915,0.57942027,0.5359262,0.30573946,1.8963586,3.0
7.0697203,8.64236,6.071898,8.449381,8.489215,0.42485362,-0.29027542,0.8010884,-0.3465721,-0.71038836,1.6007428,-0.9435253,-0.7268331,0.3825636,-1.8834131,-1.7515606,0.3094763,0.10356613,-1.8251586,-1.0885575,4.0
2.103283,0.84680665,1.4240263,1.344376,3.7761755,0.1760391,0.508503,-0.03570097,1.4324754,-0.25006393,0.5973085,0.037439372,-3.2535567,-1.0969222,2.3443701,2.1896806,0.033255637,-0.35987982,1.1687652,-0.5070869,1.0
6.812382,6.938384,8.66303,6.996377,7.441672,-0.16567887,-1.439412,-0.4085053,0.046559174,-0.5065088,-1.1497531,-0.51508707,-1.6363192,-1.0781666,-0.6048745,-0.8408665,-0.18032448,-0.41124833,-0.55384684,-0.18660893,4.0
9.070877,8.206542,6.9812565,5.915244,7.844474,-1.1947199,2.4437125,-0.73357123,-0.9139766,0.17686176,-0.9055379,0.37095407,0.7689285,-1.6608231,-1.1080768,1.1770456,-0.010174671,-1.8260742,-0.22718714,0.12917241,4.0
0.9712029,-0.3120105,0.2856102,-0.16428412,0.8979081,1.1483021,0.13309199,0.16680734,-0.56927544,-0.52925646,0.8641278,-1.1063799,0.39722613,-1.7223994,0.38130546,-0.14961888,-0.941391,0.35373217,0.3574589,-0.6334226,0.0
5.3097405,4.0012116,6.0140505,5.7283154,6.263416,-0.49453598,0.7273753,-1.0145727,-0.14894886,-1.1769499,-0.40645584,0.9185185,0.6625347,0.3853431,-0.1331695,0.4097304,0.40293118,-1.4555988,0.5582652,0.21506326,3.0
1.3014059,-1.4470601,0.23413879,-0.7869922,-0.04884881,1.529246,-1.2775979,-1.3119812,-0.26319188,1.2980593,0.76222646,1.8376219,0.17137548,-1.1485274,-1.9868691,-0.93573433,-2.0377553,0.75038284,-0.11120952,1.5630362,0.0
1.4352677,2.3701317,4.023611,-0.7446232,2.2230182,1.0156819,1.1907233,-1.0551517,2.1161978,-0.06135662,-0.8012341,-0.74437773,-0.7908212,-0.33546093,-0.056910068,0.5463298,0.6965157,0.85112274,0.5962309,-0.16465151,1.0
6.442548,8.474791,6.3324656,7.544304,6.572097,0.6389385,1.7068409,0.0659132,-0.41942725,-0.4051245,0.40822724,1.7442487,0.00953584,0.097329006,2.2040703,0.7809176,0.0029016875,-1.8834033,-1.4837645,0.820079,3.0
0.7706003,2.6366913,0.92661846,2.1348102,2.569065,-1.4814782,1.1289685,-1.7703245,-0.9447566,-0.2611724,-0.8697773,1.4566332,-1.1879568,-0.25460753,-0.11947281,0.6410695,3.2372825,-0.038958024,-0.45830184,-0.16720457,1.0
8.556187,7.245632,6.249818,8.11971,8.053376,-0.6820343,1.6040272,-0.49363604,1.8431159,1.103559,-0.024634417,-0.359923,-1.5698649,-1.027113,0.19543938,0.9382255,1.5121722,-0.07146179,-0.80828714,-0.19051497,4.0
3.2349272,4.400268,3.0780845,3.3132398,4.7406096,0.3917205,0.44687462,0.005970292,-0.9777345,0.49425107,0.84008336,-1.1000557,-0.2843629,0.65253633,1.4874679,0.44879967,-0.13827299,0.40790895,0.16472681,-0.35400262,2.0
8.136942,5.2883444,4.845157,6.0065937,4.9008503,0.06295576,-0.57132137,-0.44297707,-0.8110563,1.5331502,-1.385377,-0.9218038,0.20838617,-1.0329038,-0.3971976,0.361933,0.1506561,0.44806832,0.10012497,1.5422251,3.0
2.4605525,1.467474,1.5998675,1.5123253,2.6838439,0.6625121,0.93798673,-2.079958,-0.7725539,-0.6537687,0.91144216,-0.2065871,1.019608,-0.93150383,-0.19723246,1.0540701,-0.8773314,1.3239539,-1.1221844,0.41357994,1.0
9.147772,7.2686567,7.7853503,6.9155335,9.888506,-2.2827246,0.10147551,-0.76399577,-0.41531652,1.1012243,-0.17224833,0.29866362,-0.22130992,-0.45060387,0.8947876,0.47060642,0.7092518,0.6283745,1.7027651,1.0981898,4.0
7.2165003,7.4516883,8.795282,9.374458,8.747811,-1.167763,0.66942126,1.1220531,-1.440252,1.3083909,0.07724841,0.2418205,0.46466666,-1.3431305,-0.35500282,0.15879317,-1.2087786,-1.20955,-0.22243096,1.7471261,4.0
6.8713875,6.259951,5.463822,4.9615264,5.9411387,0.7694707,-0.9098096,0.78442085,-2.1027725,-0.6842546,0.21356834,0.45646667,-0.005949196,0.7981908,-0.7940702,-0.067186356,-0.27193138,0.6687567,-0.03927731,-0.49150968,3.0
6.288946,7.178686,7.0629663,5.517392,4.948737,-2.5593846,-0.34165937,-0.2982579,-1.8673996,-0.39340365,-0.5915958,-0.072037295,-0.7041678,-1.4262619,1.1739632,0.14717494,1.2748847,0.15625514,2.4800916,0.5928403,3.0
6.287969,4.819585,6.6725206,6.941561,4.226726,1.2558266,-0.9730771,-0.1276931,1.0151632,0.12841246,-0.0072431047,1.8593862,-1.0341663,-0.566999,-0.830423,-0.13736932,-0.013451111,-0.6473965,0.41614917,-0.0127149075,3.0
1.8396366,2.1406322,0.19617486,0.6880702,3.569345,1.8697132,-0.9584256,-0.01583786,-1.3795944,1.2199446,1.6073929,0.53704625,-0.041590203,0.3481531,0.1263082,-1.2626578,0.057864,-1.0375247,0.23136422,-0.10128261,1.0
5.2453938,2.789195,3.8644502,4.518702,4.723386,-0.5992788,0.03905103,-1.2571477,-0.4718668,0.844187,0.6189602,-1.7157614,-0.19143891,0.84850574,-0.6445192,0.26410973,-1.5014285,1.0661483,0.30588096,0.15343156,2.0
3.7206247,5.245267,6.2575645,2.9879904,4.992661,-1.2596996,-0.7705459,-0.29246107,-0.29308686,-0.85375375,1.3385159,0.06301497,0.64831024,0.3596914,0.06398611,1.0958858,1.7520107,-0.5592901,0.26977134,0.8895693,2.0
6.6924305,5.288122,6.2804685,4.3331337,6.4661098,-1.8414317,0.81109864,0.5778704,-0.61004025,0.9665048,1.451694,-1.9432347,0.906804,-0.27312967,0.66743654,-0.332459,0.5396096,-0.40785372,0.17777173,-1.632117,3.0
8.431199,8.109198,7.681741,8.755648,8.972068,-0.45401594,-0.07516676,0.5892248,0.61358386,-1.4391389,-0.95677245,1.335614,0.62115186,-0.50274897,0.54822344,0.7890345,-0.9461236,-0.7580098,-0.8593828,-0.16656063,4.0
4.416645,4.468419,5.925325,6.3134427,5.468794,-0.87228304,-0.16615541,-0.5498786,-1.199475,0.4258938,0.17794567,1.9356807,1.2005787,1.1093304,-1.0188497,0.56031996,-0.5963802,0.0007330638,-0.8030226,0.6994802,3.0
-0.6954665,-0.0033100196,-0.086207874,-1.0218109,0.46744728,-0.46725407,-0.85737604,1.8176483,-1.0901979,-0.088733144,0.37357384,1.8990593,-0.5389393,-1.04886,-0.8615915,1.771283,0.04850376,1.089119,0.3362938,-1.6665939,0.0
2.1730149,4.367987,4.5121512,3.34152,4.458782,0.8069519,0.3917487,-1.0120406,-1.2771457,-0.746868,-0.35927352,-2.7997987,-0.5800754,-1.8528992,0.7449931,0.64997464,1.9265456,0.71643764,-0.17150177,-1.3550174,2.0
2.834723,5.6195374,4.3745613,3.1995785,2.8055503,0.5410925,1.7009386,-0.18160614,-1.2271518,-0.90120554,0.548045,-2.071228,0.45544827,-1.2637631,0.2165318,0.7955103,-1.1174457,-0.5562024,-0.59903157,0.32882935,2.0
5.395642,3.8611162,7.1720552,4.502594,5.94175,1.6298939,0.9307938,1.1975825,-0.18071602,-0.4431379,0.8986301,-0.81827855,-0.5562188,0.4476581,-0.36287305,0.8337134,1.0618813,-1.276868,-0.22561483,-1.3368176,3.0
0.6980634,0.76139414,-0.32149032,-0.30051944,-0.8132093,1.1805437,0.4876115,-1.4149098,-0.11032278,1.0925617,-0.58547336,1.6023316,0.9109948,-0.444797,0.09938296,0.9540196,-1.2673395,1.5329252,0.73417383,-0.012173433,0.0
9.014722,8.089987,9.1042795,8.283367,8.819545,-0.49734223,0.43295717,0.7175653,0.8983094,-0.28917307,-0.6721197,0.57078975,-1.6876401,0.35303703,0.36834785,1.4879837,-1.345111,-0.96751374,-1.8557733,0.39004934,4.0
8.729291,6.181188,8.10164,8.083404,7.1116824,-0.348998,-0.41983542,1.0553143,2.1260777,-0.34037572,0.74637306,0.23279595,0.0053519905,0.18990235,-0.25958416,-1.766283,-0.23219074,-0.55463535,-0.31110182,0.32895386,4.0
-0.06346171,-1.3799155,0.8010719,0.40050817,-0.2702388,0.39122295,-0.21009704,-0.5716996,-0.0689642,-0.6458619,1.1859127,0.44371858,0.61087483,-1.1982423,-0.03222088,-0.35085118,0.37177062,0.85526145,0.4414825,-0.096936814,0.0
2.0526793,1.4487898,3.1984215,2.215804,2.364593,0.2221291,0.3252271,0.5841409,1.2747408,-1.5221794,1.3065774,-2.351009,-0.4518544,-1.411198,0.17920546,-1.4058092,0.50553805,-0.23676641,1.6691047,-0.030678991,1.0
4.4251566,3.8266382,5.4065614,3.2596097,4.384732,0.09851415,0.8398888,-1.3261672,0.77970177,0.3162428,0.04739115,0.34582645,0.5405001,-0.84798384,0.38336328,0.17604378,-1.2404377,-1.3484353,-0.88505864,0.39086404,2.0
4.7456307,5.507388,4.9117827,2.104736,5.993903,0.15575458,-0.11636074,0.1778471,-1.3442899,0.55553675,0.33729216,1.1635768,-0.3323901,0.53955877,0.52679974,0.5085947,1.7801583,-0.655993,-0.29411152,-0.03170879,2.0
-0.119853675,-1.166924,0.33279538,0.8550223,-1.3508577,1.1653206,-1.3860902,-1.042268,0.30248556,0.7982769,-0.8680164,-0.5473247,-1.0519565,-0.7241524,0.33633763,1.4126478,-1.8180556,-1.420775,0.050677247,0.7323685,0.0
0.061149582,1.1609213,-1.3763741,-0.09218613,0.14949332,-0.010720238,0.4985035,2.275951,-0.0019859946,-0.4066533,0.4732963,-0.5260695,-0.50336254,0.011940902,2.0441327,-1.3228501,-1.0057052,1.5165502,0.079859,-0.7280012,0.0
0.39660165,-1.0496781,1.7139322,1.5980923,0.41897255,-0.08039998,0.7826942,-0.15605268,0.9428772,-0.5930678,-0.48963565,0.96427745,-1.0705667,-0.101105176,0.30171552,0.6966719,-1.1116911,0.28072807,0.27894786,-0.040261395,0.0
7.1187706,8.269133,8.944233,7.638836,7.607812,0.5033167,1.3763938,0.2358114,-0.5263647,0.76096356,1.0038185,2.0606608,1.0246584,0.3467306,2.0862074,-0.8239871,0.4237967,-1.0349973,-0.63796556,1.1172241,4.0
2.628994,2.6411452,2.9820104,3.13431,0.48500144,0.26564682,0.1504295,0.19540137,-0.2774145,-0.0007576164,-1.3519071,-1.7209762,-0.051870834,0.13857618,-0.011748246,0.32526037,-0.6852704,-1.8326212,-1.9779714,-2.9110398,1.0
2.1662483,2.7784889,2.4971204,0.80529714,2.5183578,1.0541301,1.5436537,1.8748498,0.20163156,0.44660452,-0.38192362,-1.5183654,0.46668816,-0.47730684,1.8430912,-0.84172624,-0.48269895,1.958555,0.5084904,-0.797849,1.0
7.728572,9.151691,8.610485,9.110476,9.918574,-0.21005839,-0.8813107,0.96518034,-0.31383187,1.3103926,1.064133,1.6885287,-0.46889183,-0.14839362,0.48907596,0.71516055,1.045174,-1.24812,-0.56964934,-0.3201265,4.0
0.50854313,-1.4197849,-0.65602237,-0.5305411,1.6428529,0.43536386,-0.5174652,0.89643526,1.372675,-1.0663602,-0.19725528,0.30362487,-1.9171338,-0.17015243,0.6981869,0.29590186,-1.2826439,-0.19579375,-1.254221,0.24168909,0.0
5.4754076,5.4164295,5.07734,5.6746516,5.0496387,-1.0573373,-1.4344131,-0.7831634,-0.7014856,0.28430244,0.13165726,0.48904026,-0.39314166,-0.27361044,-0.3693873,-0.3982901,0.4597945,0.010749122,-0.046022784,0.5487366,3.0
3.8775666,3.6488395,2.9060345,3.380851,4.098325,-1.9931641,1.1926771,0.76866865,-1.1610428,-1.5085591,-0.8842637,0.53060865,0.3546888,-0.7995906,-0.14709541,-2.3783143,-1.1790942,2.4342666,-2.05726,0.7001999,2.0
4.5472183,5.147359,3.3303766,3.2286174,6.186083,-1.0078996,0.4411811,-0.07068584,0.4661691,0.04900155,-0.3227901,-0.5577888,0.45535284,0.048195444,-0.66569597,0.4297376,-1.064503,1.306712,-0.8166723,-1.0330863,2.0
6.7077913,6.751644,4.729732,4.8578916,6.0409675,1.0469037,0.10303338,1.8461559,-0.047928877,0.1877839,1.0014547,-0.953482,-0.15643233,0.23785448,-0.0024979222,0.010923709,-0.91073716,-1.0058929,-0.9663422,-0.24214062,3.0
4.5468783,4.720922,3.5884619,4.0321226,5.8334203,0.23020978,0.074547656,0.29509133,-1.9108626,1.9601712,0.83557665,1.197042,-0.88094884,-0.68312883,-0.2504431,0.4630145,-1.0506101,-0.5961871,1.1170171,-0.014077363,2.0
3.4218478,4.933198,5.1370077,3.4391537,4.1507974,0.6936951,0.0342992,0.71267915,0.21085511,0.013848477,-0.036787312,1.29395,1.4484175,-0.02131342,1.6152444,-1.2219706,-1.1187886,0.35843983,0.45117313,-0.7193104,2.0
5.158888,5.4527836,4.423205,3.9523778,5.4208775,0.50516385,-0.00092242606,0.024517884,0.891103,2.2396436,-1.0483996,-0.92808175,1.0568196,-0.8367642,0.62788767,-1.4718679,-1.0291022,0.9080527,-0.8579326,-0.69576555,2.0
5.530202,4.696895,4.7946362,3.8823476,3.4452422,-0.05952446,-1.0932118,0.012793482,-0.38987613,0.8429132,-0.912295,0.52128,-1.3482913,-1.9572405,-0.6898687,-0.7841979,0.37653178,-0.00814647,0.50196326,0.17279442,2.0
4.037202,3.68469,5.6150727,4.278299,3.559977,0.39023587,-0.56609625,-1.304836,-1.3219478,-0.3182237,-0.49601737,1.0315294,-0.00333413,-1.4036363,0.10790064,-0.7262432,1.5618392,-0.5374255,-0.6924185,0.72421664,2.0
6.215604,6.7613707,7.756629,6.071555,7.005315,-0.51785284,0.14653316,0.17431034,1.6892357,0.6586049,1.6783731,-0.050234657,0.4316741,1.5233316,-1.924688,-1.1756189,-0.34132358,0.36751774,-1.0728751,0.23235491,3.0
5.188788,6.9081464,6.8463283,7.585208,6.113367,1.301219,-0.7020945,2.515865,-0.8114958,-1.2911738,0.7100909,1.8263378,0.5070986,-0.31763536,0.44200918,-2.0794911,0.85505885,0.87255055,-1.2912831,1.0214235,3.0
7.0754566,4.917544,6.805602,5.1689777,4.641812,0.22859554,-0.17894296,-0.25034046,-0.67327034,-0.7364999,-0.8358921,-0.24855469,0.33771786,-0.7036394,-0.07147315,-0.7666973,-1.4610183,0.42305675,1.0149115,-0.015037018,3.0
3.2737002,-0.22782326,-0.33371663,2.8756573,2.9601567,-0.5616939,-0.8287694,-1.3977293,-2.5226698,0.15062745,0.27119112,0.2861273,-0.23322172,-0.11513372,-0.9864343,-0.6683593,0.9949921,-0.18958369,-0.29978007,1.1669616,1.0
1.3528095,1.5196416,2.1972106,3.008954,3.3066807,-0.17964531,0.026505368,-0.04190176,-0.16982065,0.071037136,-0.95500356,0.56899124,1.8184396,-0.012966223,-1.9645964,0.70496696,0.5640818,0.72564125,0.25986725,-1.198374,1.0
1.3880737,3.3341122,3.5792246,0.22909892,0.6546248,0.62509876,0.033360135,-0.43884674,-0.7908523,1.182088,-1.0208771,0.6117987,0.26609197,-1.6008759,1.8755367,0.90479684,0.76748675,0.10022805,0.15850009,-0.017211912,1.0
-0.62689567,1.0676852,1.428663,-0.949356,0.49360162,1.2672873,-0.5066322,1.8171395,1.2217889,-1.9388529,0.30267048,0.053377055,2.173586,1.1948076,0.7673733,-0.555906,0.5622199,-1.0386772,1.027912,0.98772633,0.0
1.3767092,-0.5773857,1.2865895,-0.7134479,1.2226228,-1.1392914,0.86389405,0.56869996,-0.47978607,-0.3497762,0.32111216,0.8499865,0.5934929,-1.5604721,1.4899168,-0.038505554,-1.5256093,0.66516304,1.1653168,0.21341366,0.0
3.317666,4.0554466,5.2623444,5.3418856,3.242474,-0.7325141,-0.60288286,0.35298994,0.32283399,-0.61543643,0.142513,0.36446768,-2.2023654,1.066971,0.8080637,0.7240917,0.53158945,-0.48402125,-0.6377131,0.21261089,2.0
-0.7824588,1.8618116,-0.10722829,1.9920976,0.28816152,-0.18455914,0.16983843,0.20583013,-0.059900105,-1.0778768,0.7028404,-0.52234817,-1.0261612,-0.12676732,-0.1700104,-1.6211686,2.1001813,-0.3215724,0.1453241,-0.36219704,0.0
5.6349564,6.905939,4.351252,7.3424664,6.97609,1.7537485,0.29666457,-0.94039696,-0.15319288,0.26058456,0.8236073,-0.34095103,-0.022752974,-1.4895142,-0.08434968,-0.4764745,-0.51890033,0.93208635,-0.9617946,-1.5487108,3.0
0.49479795,1.2284284,0.62262356,0.14650376,-1.0262634,-1.1532334,0.38653564,0.39541468,-0.10750526,-1.1953207,-1.1011479,0.066805,0.57294214,0.09128399,-0.48074898,0.13037679,0.6212406,0.57214284,0.6246099,0.7525784,0.0
0.22454043,0.8237604,0.52298474,0.07374055,-3.045204,-0.19206893,-0.98218215,1.6099001,-1.6472939,0.26365855,-1.153169,0.692915,1.2361943,-0.64930105,-0.20189252,-1.4232345,0.56212693,0.4427221,0.748449,0.4772385,0.0
6.9535384,7.3174314,8.425687,8.51128,8.656,0.3618586,0.97837955,1.4148679,-1.7569294,0.31415033,-0.9964237,-0.4612826,-0.4709925,-1.1333687,1.4961534,0.4382766,0.839522,1.8825496,-0.041529384,-2.3987372,4.0
7.8696027,7.270943,7.1446595,8.092018,7.5826287,0.65992427,-0.52733994,0.33330914,-2.0469387,-0.83363515,-0.073014095,-1.1786802,-1.8698702,-0.80006826,-0.08458375,-0.7974328,-0.51792693,-0.8162415,-0.115162775,0.52343714,4.0
4.3103566,4.6206923,3.7793632,3.3026032,2.7227416,0.34480143,0.70027965,-1.7832114,0.6498594,1.096428e-05,-0.943434,-2.5621214,0.8908643,-1.0452666,0.8472599,0.92924976,-1.1098814,0.29608878,0.9736278,-0.068628736,2.0
0.32508156,-0.027398173,1.9307638,0.882943,-0.9100555,-1.3158587,-0.40961862,0.59175485,-0.99952453,0.94351125,-0.020021971,-0.5208541,-0.2811369,-1.5573597,1.3124198,0.51202065,0.2685757,1.3329104,1.0935189,0.18989438,0.0
-0.59292656,-0.83292556,-0.3511991,0.5826625,-0.48945558,0.6110555,-1.2385458,-1.1515113,0.68468434,0.3591245,0.61813706,0.31924808,1.2021598,-0.19318579,-0.20259224,-0.03753539,0.33131093,-0.24411479,-2.2863479,1.3818367,0.0
5.6699967,5.538974,4.8153462,5.112501,5.638812,-0.13058364,-0.7682216,-1.5745798,1.6060871,-0.51993275,0.058070756,1.2053517,-0.30979696,-0.13564049,0.9804131,0.61675215,-0.03747074,0.40814245,1.901509,-2.581751,3.0
-0.80465585,-0.18011297,-0.321237,0.025051318,0.5424183,0.785136,0.2332218,0.5315005,2.0061388,0.34284243,-0.6801487,-0.38045162,-1.5535558,0.025065627,-1.4675169,-0.70003486,-1.5024303,-0.95788515,1.0619262,-0.28502503,0.0
5.3663297,4.1808553,5.4868765,4.2556696,2.7702453,2.4805331,-0.7936532,1.2778931,-0.32142702,-0.11118604,-0.8536581,0.3714999,-0.8758458,1.4065989,-0.5156666,0.21747844,0.86702675,-1.514717,0.21757203,-1.0342935,2.0
1.622669,1.3817518,2.5939229,1.4058658,2.9379296,-0.7101322,-0.25489506,-0.18209398,0.7428399,2.1094515,-0.91897523,-1.7259425,-0.89357907,-0.6722822,0.0010686009,-0.2942195,0.9228693,-1.0454963,0.06426395,-0.65271866,1.0
7.1475725,6.350001,7.259419,7.5878615,8.357113,1.7120148,-0.17018485,-0.39227203,-1.4229392,-1.8599501,0.6936443,0.46201125,0.018978033,1.0307758,-1.1254855,1.0614363,0.97638214,-0.833275,-1.6130252,0.69119775,4.0
3.2236338,4.035954,3.757076,4.304554,5.6830406,0.21627337,0.70362186,1.792433,-1.4656366,-1.7761375,-1.4107394,-0.2261802,2.2995155,-0.33001393,0.05815524,-0.57861936,0.8625053,-1.1487329,0.1911661,0.22907764,2.0
8.402854,7.3413944,7.150773,7.995598,9.888917,1.1359862,0.46818537,-0.0030565576,-0.8861817,-1.2886379,-0.5843685,1.3254398,1.2076999,-0.53341836,0.08979361,0.50887704,0.91235346,-2.0815375,-0.54681313,0.053562004,4.0
9.268616,7.1891193,6.9899697,8.134647,6.756963,-1.0236768,-0.7023638,-0.16310114,-0.55370975,0.82715845,-0.2864788,0.30830413,0.35949075,-0.37788156,0.2306584,0.24102858,1.7161434,1.0047127,0.73122203,-1.6572512,4.0
5.6363287,6.6535397,4.7127566,5.410669,5.660013,1.1111779,-0.5326834,-0.0025194287,-0.43408516,1.1729671,-0.033810932,0.87245315,-0.43989784,0.7230692,1.3405912,0.43979302,-1.155868,0.06968247,-0.62344146,0.050006315,3.0
8.044003,7.213272,8.402088,8.34525,8.62772,0.837934,0.094651915,-2.345885,0.066597104,-0.53942883,-0.17180598,0.80642414,0.45268136,0.11624906,0.7145982,-0.24769567,-0.5456406,-1.5167166,-0.52458704,-0.4188506,4.0
5.1211905,1.5181508,4.003769,3.587076,3.6574626,0.06589205,0.52306354,-0.22148158,-0.21571352,-1.7054095,-0.36304986,0.66905564,-0.29867873,0.57753116,0.015967721,-0.06518827,1.800268,1.0386488,0.7759948,0.75430566,2.0
3.970584,1.7702317,2.2129955,2.0496252,1.7884711,-0.11149256,1.2425584,1.3821476,-0.32114333,0.05460676,0.80575866,1.23336,0.034769803,1.0553075,-2.1255155,0.8874781,-0.40305156,-0.3088023,-2.3518937,-0.06269659,1.0
6.2317157,9.487685,8.744355,7.5215034,8.835528,1.0951537,0.2631618,-0.33135557,0.92417926,-0.030921655,0.8333106,-0.60769266,0.7853704,-0.6397667,1.3976707,0.15521944,1.9524275,0.21317391,-1.9456228,-0.65534043,4.0
3.036577,1.6874605,1.8765627,2.016652,3.13571,-0.77317774,-0.9715337,-0.16611865,-1.609159,1.4863497,-0.53000146,-0.42303276,2.0543385,1.9527855,-0.7453058,-0.7331694,0.10123344,-0.67817205,-0.66953176,-0.5566369,1.0
6.324849,5.177226,4.359828,7.6461854,6.6113877,-0.5006434,0.2531295,1.1767185,0.6893337,0.44387722,0.94615996,0.33062348,-0.88882077,0.32969433,0.012307078,0.3308039,0.3613584,-0.84251815,1.0932059,-0.3953239,3.0
8.758247,7.8102493,7.554913,7.3417416,7.7107954,0.12165056,0.2659171,1.5143932,0.8633969,-0.08706988,0.12202111,0.35617295,1.0480781,-0.089743204,-1.1613071,0.6775691,0.5825034,-0.24510321,-0.79786545,-1.2741364,4.0
7.8104787,6.6572466,6.5108438,6.554711,7.196336,0.39772525,0.30827972,1.0208286,1.2202264,0.22354114,-0.13074319,0.14252518,-0.93969953,-2.480166,0.33619556,0.20551483,-0.11660101,-0.18864557,-1.0340703,0.3246286,3.0
4.587229,6.248189,5.6698723,5.4908257,6.9667335,-0.9614021,-0.3554891,-1.2429955,-0.1831476,2.0008633,0.14760111,-0.3332989,0.48715696,1.204168,-0.061318543,0.46774158,-0.6335596,0.7366209,0.5223658,0.15494809,3.0
1.7113214,1.120315,3.084042,3.4685655,2.5603986,0.607198,-1.0188006,0.34365064,1.113682,0.4690516,1.1999685,-0.8293567,-0.86126566,0.96041995,-0.24140744,1.2140825,-0.87772185,-0.33675706,-0.15192178,-0.24825251,1.0
4.1385856,0.98775005,4.067322,5.5617085,3.5014193,-0.05499187,1.1111053,-0.7579002,-0.29124916,0.5575821,1.4039376,-1.1247337,-0.5213265,0.56086355,0.78501874,-2.074853,-1.4534577,-2.1431077,-0.28275678,-0.096953385,2.0
7.0271807,7.751296,9.565468,5.71824,10.230158,0.49587035,-2.461647,-0.02298244,-0.8774165,0.21770194,-0.34389922,-0.74445736,-1.6768284,0.17852946,0.57733893,-0.67842054,-0.06796196,-0.9968385,-1.490138,-0.115219474,4.0
7.1283917,7.7984467,8.109551,9.254545,7.6870804,-0.15834601,-1.0162355,-1.5919311,1.4056613,0.6114715,0.69922155,0.68994683,1.8333174,-0.45399767,-1.285811,-1.0179062,-0.43088505,0.06865439,0.08831698,-1.1983887,4.0
2.0539458,1.877647,2.3807704,0.33866763,2.348086,-0.5644982,-1.603998,-0.85505843,-0.89691216,-0.17836472,0.8153628,1.2195516,-1.0007124,-1.5515449,-0.74950004,0.34696674,-0.56105655,0.86413795,0.9612636,0.59931195,1.0
4.3849864,5.081492,3.8539212,4.651,4.0725875,0.14963114,1.5975996,0.9599989,0.54662615,-0.70818824,-0.40317887,0.8542173,-0.786497,-1.6124296,-1.0922537,-0.9379019,-0.8905033,-0.44151634,-1.7836568,0.7503119,2.0
3.7600079,5.1998525,1.9212995,3.1559854,4.787508,0.24357921,0.016618088,0.57298636,-0.91058356,-0.046480745,-1.8522129,0.34721482,1.0679909,-0.61164623,0.9718181,0.088693924,-0.6647124,-0.5161345,-0.9652514,1.6393081,2.0
0.21064925,1.8320241,-0.79167616,-2.5058894,-0.3157349,-0.38647464,1.6620439,-0.3208597,0.19739197,0.7249349,1.0054529,1.0967091,0.8492375,-0.5191674,2.6436853,-1.2299603,0.32242835,-0.505011,-0.71959573,-0.030359676,0.0
0.10863744,-0.7922235,-0.19473624,0.16517119,1.482662,-0.62203133,0.5092215,0.43288285,0.08926462,-0.36566675,0.99148697,-0.22482549,-0.61730844,0.56447434,1.0442978,-1.5816088,0.16469394,-2.6992624,1.6576811,1.4556968,0.0
8.76231,9.925176,8.912352,7.1488485,8.5332575,-0.24382006,-1.3583835,-0.6224673,0.18194926,-0.63068306,1.840781,-0.55789804,0.045181233,0.63179743,1.0255315,-0.82265645,0.38129094,-0.8469689,-0.8309203,0.14574753,4.0
6.8051114,5.694562,6.212325,6.88156,5.770871,-0.2703595,1.8000047,1.1330462,-0.9685361,0.62838966,-0.8498969,2.1678212,-1.4544916,0.324919,-1.7691529,0.07392514,-0.031191582,-0.33232015,-0.72866946,1.4457021,3.0
7.07724,7.151098,8.445716,7.742037,7.6235275,1.4154992,0.09947855,0.63846296,-0.28121585,-0.8750291,-0.93884385,-0.7202334,0.13749823,1.2948107,0.12372809,-1.459246,-0.26191,-0.29761496,0.5696012,-0.7653004,4.0
1.7191763,2.5356457,1.9369183,1.7656564,-0.2907586,0.29010493,-0.51773506,0.57662725,-1.3412843,0.8419514,1.2380472,1.222005,0.6317138,0.060343537,-0.3285929,-0.55853283,0.88732624,0.4727078,-0.36855695,-1.470824,1.0
-0.30658928,0.9166009,1.2449101,-0.6324499,-1.6012453,-0.09605454,-0.85051036,0.837965,-1.4760779,-1.3142116,0.95963275,-0.7446774,-0.022065433,0.6926169,-0.06194949,0.89046514,-1.1743104,0.16529919,-0.54047316,-0.7684019,0.0
0.77810603,-1.0054061,0.6040428,-0.50362915,-0.12243402,0.62810254,0.077163674,1.4324656,1.0202729,1.0910488,0.25603336,-0.7614238,-0.9311373,-0.69380015,1.1893252,0.9230278,0.8599025,-1.1338617,0.14326243,1.0663772,0.0
6.5737324,8.398307,8.102469,9.438896,8.932706,-0.22546655,-1.0279639,-0.5581756,0.60389024,0.008560473,-0.068399124,-0.8157294,-0.6446059,-0.8379134,0.056695614,1.8101021,0.5399299,-1.2584862,0.37134513,0.08669219,4.0
4.635652,3.1462116,5.1520276,2.96246,4.9349494,-0.35297626,-1.5337627,-1.3283939,-0.20949288,-0.18879092,0.37557858,0.16743182,-0.6119316,0.9538275,-0.14791858,-0.226803,0.542141,2.3245008,0.19372891,-0.0248047,2.0
1.6265595,2.6630638,2.0059283,1.294336,1.8132672,1.4342294,0.95760703,-0.52427155,0.4166338,-0.054734446,0.1897118,1.9516906,0.4314304,-0.11152439,1.6569903,0.7368814,0.20640539,1.724577,0.35818356,-1.2163963,1.0
3.9675043,3.087287,3.0478961,4.739798,4.202792,0.13947804,-0.6088956,0.78178376,-1.176063,0.60077,0.039271504,-2.4397693,1.2032387,1.393096,0.1176214,-1.2446684,0.98532593,0.17119132,1.2404513,0.7724841,2.0
0.15664463,-1.7776449,0.57794034,0.20975144,0.23248379,-0.16987753,0.74286425,-0.26405606,-0.59814125,-1.4219387,-0.70173675,-0.951987,-1.1449307,-0.0992935,0.29712656,-1.291177,0.7245115,-1.070051,-1.2512891,-1.1945465,0.0
1.4250956,-0.5710614,2.4466176,2.5300574,0.80903006,-1.0725222,-0.28602588,-0.070399836,1.9066231,0.13122696,-0.29156253,0.58372736,-1.0389167,-0.43969682,1.3481395,-0.3256016,0.5559199,0.49469832,-0.29861984,0.252461,1.0
3.0171118,0.99537647,2.5930076,1.8446128,-0.31173515,-2.1641884,0.9417329,-1.1104814,0.5197787,1.4628773,-0.41395637,1.3909565,-1.1412003,-0.38841304,-1.2665119,0.7593734,0.8422562,0.022011857,0.11140815,1.3936332,1.0
6.39974,3.3469992,6.2051477,5.1069837,7.1102304,0.55735856,0.042103358,0.85114884,-2.0547934,0.63685524,-0.47056755,-0.5056749,-0.7322387,0.7390873,0.22251926,-1.1316259,0.3669385,0.77012455,-0.5911886,0.7602646,3.0
4.8307767,4.556485,4.015731,2.4512758,3.6740866,-1.741497,-0.04139035,0.32749504,-0.1814199,-0.5512268,0.032863252,0.67746156,-0.06562334,-0.6675453,0.30667025,-1.0188261,0.4521644,0.15913099,-0.4186337,-0.17672268,2.0
2.2088819,-0.14617158,0.020545911,-1.1111262,0.7735655,1.11268,-0.3161285,0.53935343,-0.53962845,-0.19875224,-0.568795,0.72526777,-0.8751037,1.7406653,-1.6952991,-0.015587007,-0.9430587,-0.38095984,0.17783847,1.805742,0.0
0.6187574,0.58396757,-1.1917613,0.7567684,1.0883878,0.80203474,-1.192363,0.84493744,0.29644108,-0.48520312,0.5602917,0.30373645,-1.2163913,0.41592437,-0.89284366,-1.1232437,0.66949505,0.17985775,0.7379904,0.76426744,0.0
9.098585,7.52417,7.306842,6.5879517,8.210617,0.46173784,1.069209,-0.059713803,-0.5468356,0.182556,-2.8397295,-0.6040501,-1.4409094,-0.1081696,2.4652822,-1.8176558,-0.67023903,-2.822952,1.3058013,0.2586077,4.0
2.649018,2.8411274,3.3512127,2.7997875,1.3718185,-2.066147,-1.8139033,-0.28760794,0.4648388,0.15621121,0.15268676,0.23684247,-0.6799738,0.71632564,-1.7293186,0.1687483,0.04682256,0.74979585,0.014675771,1.0906343,1.0
8.654675,7.465345,7.1429057,8.686663,8.101632,-0.862618,-1.0447464,-0.86263436,-0.19777523,-1.9297878,0.23526825,-0.7384233,0.4780279,0.26947993,-0.7638566,-1.06664,-0.74177355,1.0198271,-0.2468017,0.8837804,4.0
8.889955,8.151078,7.3380375,8.007484,8.509458,0.76443315,1.5376289,-0.69880843,0.17631839,-0.2645691,0.05402314,0.060104508,2.3402336,0.71185106,-0.46819216,0.10229902,0.1528927,0.24436595,-1.6843944,-1.4637598,4.0
6.841602,10.1118965,8.526246,6.792885,8.819652,-0.10308914,-0.10876118,-0.90214586,-0.33866653,1.1787168,-1.309891,-0.65291065,-0.8679179,0.6727319,0.90737057,0.039048508,1.4733483,-1.3504314,-0.5179709,-0.19039352,4.0
2.27463,0.44894916,-0.9101372,0.060210984,0.4995312,-0.4414104,-2.1906917,0.679779,0.21568176,-0.14912154,2.026707,-0.34077066,1.9252788,0.53344846,0.13091615,-0.999989,0.5928105,-3.0879464,-0.74361104,-0.64545393,0.0
2.5609248,4.6437054,1.6868258,2.8866632,1.9344909,1.3255086,0.011377249,-1.0528492,0.6582677,0.44361272,0.80945385,-0.97869617,-0.5742822,0.826914,-0.13996822,1.0820425,0.22656222,-0.10434348,-0.12790436,-2.1007419,1.0
7.579924,7.045083,7.1181087,7.8102365,8.748579,-0.20032597,-0.7506946,-1.6070108,-0.49872684,1.6918473,0.09887423,-0.20324716,0.49975264,-2.0296235,-1.317407,-2.1966631,-2.173231,-0.08006095,-0.8766944,0.054335844,4.0
1.0551157,1.3615828,0.065258384,1.0189497,0.8643719,0.15342632,0.26955593,-1.8827074,0.89707774,-0.32878467,-0.62375337,-1.6321362,-0.8863668,1.8484703,-1.6687738,-0.3057668,2.5168242,-0.927429,1.7805831,2.3316321,1.0
1.0757596,1.1878121,0.2734767,-0.19261058,0.25333878,0.62107426,0.3900237,2.0141764,-1.630286,0.56382114,-0.18749927,-0.9756406,1.0103403,0.04652255,0.43368033,-0.96678483,1.6281844,-0.5327702,-0.55542517,0.2248113,0.0
4.8018727,3.8806546,3.1555722,3.3957176,2.720741,-0.7799471,-1.2333617,-1.2605166,0.34473646,1.9197594,-0.47931594,-0.06007753,-0.85093635,0.1413319,1.0734217,0.6471124,-1.080454,0.56563187,-0.19264524,0.17047806,2.0
6.5361075,5.978197,5.302159,3.8085027,5.237759,0.62790924,0.87999606,-2.4876664,-0.5343158,0.30714262,-1.9041123,0.58277935,-0.8451809,0.11983196,0.1900323,-1.6285044,-0.08301977,-0.043626413,0.6274811,-0.7714834,2.0
2.0296977,5.3602157,4.6072574,3.0607567,3.3559766,-0.8310892,0.41871834,-1.4027314,-0.01846111,-0.6352493,-0.1259974,-0.29314873,-0.28649777,-0.18574119,0.87685686,-0.5543685,-0.3147604,-0.78773487,-1.1036536,0.09685616,2.0
7.7472906,6.504384,4.98349,5.4889464,6.6848097,0.21989408,-0.17549513,0.8253551,-0.8214036,1.2211792,0.3340288,-1.9953891,-0.4067696,0.72102886,-0.9770999,0.24579021,-0.27313852,2.3206027,0.6579694,-2.6590488,3.0
7.451048,5.579879,5.801685,7.473888,6.205961,-0.5208083,0.1379146,-0.6681717,-0.63279516,0.8704793,1.054542,0.30495727,-0.018882087,-1.0931813,0.12006787,0.60284525,0.35323846,0.15997313,-0.9984287,-0.057449613,3.0
6.0664115,5.001087,4.5811176,6.094496,8.132427,0.11658928,0.75925076,0.5277775,-0.5077476,-0.0085159205,0.6130774,0.039441507,0.616775,-0.13524157,0.1877574,0.3294238,0.05813403,0.5806594,0.20016426,-1.081068,3.0
-1.0316577,0.11046552,-0.2666872,1.5260674,0.04414917,1.0701883,-1.3768848,-0.31557515,-0.98839843,-1.0672675,0.7828822,1.2429705,-0.16584082,0.3845982,-0.4925659,-0.40883616,-0.42325744,-0.2006015,0.3040238,-0.5441239,0.0
6.889584,6.9810553,7.3435946,8.4585495,7.5494957,-0.027615229,1.3435929,-0.31916988,-0.6640967,-1.0908246,2.1168628,-0.6304904,1.4206007,1.6225842,0.76057047,-0.8502362,0.32224622,-0.35361886,-0.16446161,-0.3432376,4.0
3.966111,6.6477714,6.9654937,7.751085,6.9606214,-1.075869,-0.3686312,0.4113432,0.5212713,-1.1484371,-0.5018887,-0.44678968,1.092197,0.0900494,-1.1483424,-0.65142673,0.60384333,0.460955,-0.30492547,-0.3974485,3.0
9.648756,8.6432295,8.444509,8.4399605,8.37799,0.036270615,-1.4569583,0.5653462,3.405681,-0.02657229,-1.5952653,-0.80974525,-0.26337987,0.6252333,-1.2889683,-0.46708304,-0.8970797,-0.1912697,-0.11479593,-0.9506544,4.0
8.758138,8.94782,8.474311,8.974823,9.375168,0.9561378,-0.98475933,0.5324482,1.130461,1.0708896,-0.4812462,-1.1159502,-0.41631836,-3.524131e-05,1.4665388,-0.4828457,-1.746489,-0.96599704,0.7616388,3.2772186,4.0
7.18195,7.5960846,6.789632,7.498486,9.243234,0.51132315,-1.2725754,0.23682937,0.8304199,-0.29958406,-1.469253,0.1883611,0.02222777,2.299364,-0.5411031,-0.37720022,0.48048976,-1.0874509,-0.24318713,-0.072716966,4.0
6.5745945,5.472306,4.637525,5.9893107,7.2048864,-0.8115608,0.7545593,-0.6399087,-0.41115084,-0.75181293,-0.5601781,0.21888785,1.395663,-0.20650373,1.1194929,0.0847579,0.62137306,0.2762711,-0.84498113,-0.12898298,3.0
0.5695069,-0.014729105,-0.41203323,-0.12069068,-2.257289,1.4037728,0.43152076,0.866378,-1.4581678,0.45645213,0.19968694,-1.102183,0.7909009,2.6319716,-0.7082705,-0.019689523,-0.47406372,-0.7740739,-0.0047147553,0.23744301,0.0
6.2552648,5.097951,5.8471866,6.892261,4.8588,-0.1261581,0.13994524,-0.44870046,-0.61900723,0.064467095,0.9137328,-1.422882,-0.46737382,-1.4766978,0.64337486,-0.18969783,-0.036504243,-0.56602037,-1.7357327,0.8545761,3.0
9.560365,8.12131,7.4794745,8.030955,9.728687,0.6516311,-0.39544368,0.34628707,-1.0899388,0.81686443,0.41859663,2.35702,-1.6539623,-0.59438425,1.3287504,-0.5250361,-0.5361733,1.89927,-0.05695763,0.021533685,4.0
0.22802997,2.2267878,0.37404644,2.8408365,2.0148807,0.809643,0.25122756,-0.6867787,1.6051656,1.4226918,0.92599034,-1.2018772,-0.2866991,1.3361888,-0.48996466,-0.5120943,0.083954245,0.5938598,0.26018095,0.3040496,1.0
-1.2708715,-0.13842428,0.103778265,2.0000696,-1.277499,-1.1020616,-0.71770453,-0.29339644,-0.5402634,2.3188775,0.4203672,1.3387074,-0.90348774,1.0552044,-1.3195373,0.5950252,-1.9275198,-0.22692041,-0.017640613,-2.560434,0.0
-0.81630486,-0.7435995,-0.27296308,-0.16242673,0.1886219,0.6819716,-0.35633606,-1.7271484,-0.7804071,-0.39281312,-0.7555533,1.5927335,0.22598086,-0.4260232,0.31768346,-1.2621486,0.35667816,0.9089459,-1.4227525,-1.0856335,0.0
6.4257402,5.604447,4.1879764,4.4732776,7.5806036,-0.24207622,-0.7084128,0.14787719,0.5552326,0.74573445,-0.5233126,2.3011262,2.0996072,-0.107815266,1.6090834,-1.0900003,-0.5248326,-1.1700511,-0.83734614,0.5784871,3.0
7.5561466,7.737893,8.278696,7.91464,8.287396,-0.5074423,-0.5534659,-0.2394258,1.2165197,0.6504113,-1.4340527,-1.2964286,0.28645095,0.23006378,-0.5122458,0.24730304,-0.72920126,-0.72664016,0.2817579,1.853263,4.0
2.484797,2.6966343,1.2454143,2.402669,0.8136349,-0.8301865,0.20045741,1.2270013,-0.25683448,0.40847525,1.021172,-1.3976971,1.9325612,-0.98542994,-0.48691806,1.0681599,0.352137,-0.18459743,-0.33657762,0.30689836,1.0
-0.7154993,1.6504867,-0.72479105,-1.114925,-1.5443736,-0.55396295,0.4817844,-1.2028779,-0.14277855,-1.0600466,-1.2300061,0.8330521,-2.5776637,-0.13796645,-0.2465817,-1.1938313,0.1679115,-0.6405942,-0.39783418,-0.52729625,0.0
7.8905683,8.1934805,8.585791,9.904463,8.568892,1.4565846,1.1206298,-0.63642716,-0.35245362,-0.4869185,1.3377686,0.5534233,-0.05572966,0.36223504,-0.09867382,-0.017016755,-0.8846353,-0.87580657,0.6419153,0.1818949,4.0
2.1096685,1.7602856,1.6668987,2.8077197,1.9686698,1.3428587,-0.025120849,0.70146406,-1.310968,-0.9610082,0.7315896,0.11077008,-0.6016627,-0.8391219,0.4447605,-0.28508437,0.48569217,-0.7056264,0.9495448,-0.36258942,1.0
7.8174906,8.69387,7.0943522,8.0843725,8.58298,-1.8037034,-1.2829247,0.28463778,-1.3963169,0.27433968,-0.28570783,1.2018489,0.0010432759,-0.9009123,-0.4485039,0.76114494,-0.17950901,0.5425425,-0.2909778,-0.8438124,4.0
7.2028685,6.0733504,6.563224,6.6013513,5.7775583,0.5924316,-0.73910093,2.7661743,-1.3850917,1.7922096,-1.8110392,2.256502,-0.9932581,-0.0935867,0.8838441,-0.0025491293,-0.7960796,0.5623,1.0168697,-1.3950278,3.0
2.109472,1.9949586,1.7959951,2.1882558,1.9591476,-1.7023065,0.5478685,-1.1067992,0.4632852,1.343073,-1.0198331,0.19728856,0.26943743,-0.030255033,-1.8339185,0.017170994,-0.0796461,-0.26046973,-1.0379528,0.54177475,1.0
4.0772285,3.438481,3.7080505,3.4797523,3.780295,0.19986439,0.332711,-1.0089552,0.7685865,0.777101,-1.2184854,-0.3973211,-0.0076376307,-0.9077976,0.42979458,-1.0837613,0.3521852,-0.19689539,0.6547079,0.56827575,2.0
7.5817294,8.440188,8.166748,6.3178916,6.8100624,-0.07629524,1.2870739,-0.1919453,0.8675272,0.649291,0.18572891,-0.7982364,0.5674229,-0.5901338,0.086713225,0.9487642,-0.24497905,0.4667233,0.33625653,-0.59758085,4.0
5.6072674,6.877297,6.1451507,5.857256,5.9319305,0.30154994,0.28340262,-0.21181387,0.3331193,0.7721483,-0.3377139,0.23065777,-1.1395937,-0.9084576,-1.1069087,0.21843721,0.45554322,-1.3586571,0.1971728,-0.23275153,3.0
3.3232353,2.7125306,2.96335,2.9196627,2.842282,1.1936809,-0.6564772,0.61588234,0.54243225,0.9341314,0.02755082,-0.2865748,-1.0544424,-0.73620945,-0.53071237,-0.22679032,-2.0524635,-0.6523365,1.314723,0.6213376,1.0
-0.10056823,-0.1431265,0.8951642,0.22850707,-1.4883147,1.3081049,0.8192177,0.14044543,1.0379561,-0.7405429,-1.4251275,0.6751577,0.05928803,-1.1203151,0.6127674,2.4862561,0.013921734,0.8435774,1.0120511,0.78598386,0.0
-0.8412669,-0.117560506,0.7138215,0.7170422,-0.121562935,1.7484249,1.6159621,-1.065183,-1.0348855,0.15213369,1.4433455,0.29355597,-1.845761,-0.89391327,-0.9460154,1.6937153,0.017000025,-0.6902771,0.6422174,-0.52564156,0.0
4.644411,3.9819653,3.0103788,4.5716333,3.0281622,0.3733774,0.2963464,1.1351876,1.1575955,-2.0258865,-2.2158594,-0.5098149,0.3301939,-2.0308568,-0.7056426,0.6784325,0.28105476,-1.1842852,-1.9063363,-0.6993351,2.0
2.487531,1.4618433,4.052356,0.36948705,1.4411519,0.2828379,-0.44459844,1.2163196,0.013827385,1.1278553,-0.46908048,0.10533502,-0.25160414,-2.247302,-1.3598047,-0.67987865,0.7985376,0.015988098,1.3185638,0.49558386,1.0
2.8937354,5.3410454,4.16346,4.538601,4.127991,-0.9879398,0.75544316,-1.1079477,1.3638395,-0.56322265,-0.1470791,0.16804506,0.29359025,-1.0972054,1.1812859,-0.5621474,0.51711094,0.21230382,1.9063046,-0.3308705,2.0
-0.44333598,-0.6053338,-0.0062345555,-0.8216179,1.2686027,-0.49286136,0.3311349,0.5210421,-0.4685822,-0.8450492,-0.8029582,0.938533,0.88738406,-0.025966514,-0.28831482,0.3426808,-0.19608904,-0.4833105,1.3101068,0.2662784,0.0
0.9972631,2.4195585,2.8583505,0.84248376,2.2505774,-0.5231172,-0.53783315,-0.23756482,-2.123364,0.2788886,2.5946155,0.94357765,-0.5733,0.8713819,0.6854026,-0.4321567,-0.44210482,0.24434601,0.32200128,-1.1484488,1.0
7.3532963,6.4014096,6.07347,5.6656547,5.408722,0.7124011,-0.3802299,0.1534444,0.9215728,0.6347365,0.46417737,1.1840155,-0.17090763,0.59341264,0.5102623,-0.770192,1.4575088,-4.1841245,1.6299798,0.3388474,3.0
5.499823,1.3496916,6.41467,4.4972606,4.307369,1.4392127,0.42016506,-1.2828566,-0.012107138,0.081287265,-0.9910821,0.32962468,-0.2616206,-1.2332271,-0.025154041,-1.3998057,1.4447684,-0.36454195,0.8419981,-1.1302897,2.0
2.7576966,2.5548995,1.6307076,3.1228056,3.0853648,-0.5337978,0.99093115,-0.9618678,-1.0369099,1.3955481,1.4854782,1.8818746,2.2641232,0.917155,0.11646021,-0.73402727,0.038353268,0.7193061,0.36589262,0.59660035,1.0
-0.48407722,-0.580722,-0.8570671,0.8041332,1.1928867,-0.04484056,0.8904856,0.26024112,-0.39614508,-0.8462694,0.18284763,-0.7177775,-1.099177,0.07336417,-0.8431163,-0.9666964,1.6369491,1.7780073,-1.9977316,1.1500208,0.0
3.873202,4.0076895,4.545536,2.6712809,5.155919,0.40865576,1.3584145,1.0146353,1.0451617,1.6342752,-1.0486807,-0.50184333,-1.2686453,-1.272539,0.81199116,1.8593416,-1.3466643,-0.2184006,2.9745307,-1.3205675,2.0
8.142603,6.4129934,6.756874,4.400614,5.337707,-1.337007,-0.7634802,-0.377502,-0.4698162,-0.1720851,0.4401607,-1.720943,-0.7935227,-0.6371742,1.267279,-1.3178656,-0.4069381,1.6369555,-0.3867469,-1.7908667,3.0
3.1096196,2.953925,0.13408267,0.4679283,1.1697152,0.21287024,-1.3546013,-0.47830436,0.036949065,0.060868055,-0.92619663,1.0303247,-1.1304501,1.1967933,0.15008408,-1.0067617,-0.85868025,-0.99055845,-2.2163227,1.1047751,1.0
0.267699,1.6848508,2.4371867,1.7337801,3.4892612,0.9702462,-1.0001916,-1.7004942,-0.82067233,-1.4080875,1.9871145,0.37484208,0.28448957,-0.52490413,0.7083185,1.1601219,-0.5924437,0.64349353,0.64133286,1.242946,1.0
4.9685464,6.0864263,6.017769,6.320021,5.225066,-0.14758325,-1.0777407,0.7382254,-1.0772988,-0.2953986,0.084939525,0.28786233,0.1538754,0.28194112,1.730599,-1.9140297,0.13885875,-1.8706607,-1.3312523,-0.8044765,3.0
3.9803925,3.698279,5.0967093,3.472577,4.369804,0.11112299,-0.9791729,-0.97072357,-1.2318467,-1.185389,1.3852767,0.4962276,1.1285864,-1.4233956,-0.540391,-0.33790746,-1.5022745,1.114598,1.6358103,-1.0053861,2.0
1.1497619,3.5225852,-0.081777096,2.92246,1.3243651,0.07381231,-0.9420215,-0.25368693,-1.5082299,0.4748397,1.1074151,-0.5117068,-0.69060814,0.86839485,1.7354097,1.4422463,0.32234645,0.69447166,0.33129963,0.017587436,1.0
2.3538918,3.136335,2.3675296,1.0608983,4.5561805,-0.30489808,0.4611101,-1.4362572,-0.49862152,1.0980748,-0.20010673,0.985462,-0.59801745,-0.9443468,0.2997266,-0.76888365,-0.7014375,-1.6528878,2.8111277,-2.0372763,1.0
2.4555302,1.9333941,2.5589502,1.3008268,2.788526,0.7885578,-1.0262102,-2.1639957,-0.5158887,0.01561056,-1.3368882,2.0300474,-1.0164452,-1.6938255,1.6908487,-0.2834203,1.6932758,-1.159484,1.1911582,0.08205769,1.0
3.8684824,4.1373777,4.836293,5.2526937,3.4611745,0.7792733,0.30551565,-0.44792804,-0.80519515,-0.48009324,1.078638,-1.545388,-0.9999871,0.31356493,-0.866282,0.09789228,0.19133343,-0.8491911,-0.73765916,0.8983315,2.0
10.606132,9.395644,6.883965,8.332337,8.714484,-1.4164984,-0.0289088,-1.0027473,-1.0283718,-1.0349394,-1.4880093,0.6367082,0.08273176,0.121724784,-0.26287735,-0.97723264,0.39401558,-0.39316893,0.89617574,0.11717176,4.0
-1.236973,1.2837999,-0.60394627,0.44723955,1.2283765,-0.40793973,0.906728,-0.29794747,1.1118987,-1.0414689,-1.8358562,1.2512764,1.4029576,-1.6776942,0.054409288,0.61344016,0.54213667,-0.8882643,-0.12345231,-1.4250944,0.0
-1.6350901,0.8757773,1.0509646,-0.99662125,0.33034286,0.7320933,-0.0031890122,-0.06089005,-1.2994597,1.4045126,-1.1080016,-1.3765515,1.3254962,-0.09993097,-0.6213118,-0.09801715,0.9541176,0.59233356,-0.905547,-0.97896326,0.0
4.7590256,3.612997,3.8915207,1.399998,5.1891656,-0.12757726,0.30090395,1.2696989,-1.078918,1.6045808,0.7762804,0.34179574,0.18325554,0.27241984,0.7395529,-0.5787466,0.37970772,0.3185241,-2.0487726,1.0159857,2.0
-0.6376243,-0.23764743,0.12263919,-0.405183,0.516044,-1.0596119,0.18351431,0.01928993,-2.1170058,0.7046703,1.0978017,-1.1499681,-1.1001456,-0.31943786,-1.0938096,0.9865565,0.831287,-1.4470707,0.12874672,-0.20505106,0.0
2.870526,1.4266785,0.9571434,1.1746218,2.362556,1.2294514,-1.1963842,1.5915058,-0.32214528,-1.5358529,1.6542773,1.2354518,-1.4814682,0.9493275,-0.45838693,-0.48800772,-0.4315113,1.0481709,-0.29018077,-2.2378302,1.0
3.585624,3.8992777,3.8340304,3.6104376,1.20825,-1.074892,-0.31064346,-0.27314273,2.4828832,1.363103,-0.5901652,0.30944297,-1.1584728,0.008760578,-1.4242051,-1.0924459,0.68427116,0.829268,0.6831189,0.14733106,2.0
-0.5384615,-0.12910885,1.1272358,-0.70449895,-0.3206355,0.6532467,0.5475344,-1.2429944,1.0943681,1.7839121,-2.590677,-0.8871951,0.38123772,-1.8070341,0.21556263,1.5001823,-0.53085744,0.3526948,-0.2675881,0.28577992,0.0
4.6549606,5.377043,5.628666,5.0962095,5.515555,-0.39716572,-0.23416951,0.5742008,0.6482728,0.36028203,2.4383557,-0.4601065,-0.48765954,-1.3417397,0.007571697,-0.09390759,0.781547,0.09130217,-0.1950904,0.09950807,3.0
1.8684385,1.7665265,2.5871346,4.1152315,2.7439418,0.33093312,0.4706138,0.32552654,1.2884178,-1.5158051,0.040363524,1.0144078,-0.90471053,-0.8640432,-0.602879,0.9091883,-0.75603366,-0.2712399,-0.80227196,-0.63968146,1.0
5.8115983,5.629803,5.1001806,5.672342,6.234243,0.046095423,-0.61423546,0.27070683,0.8622545,2.2053478,-0.41535792,-0.29630604,0.39248648,-1.3295501,-1.2682079,-1.5542166,-0.90554655,-0.24516173,-2.36632,-0.1139147,3.0
4.262629,1.9953046,0.98283124,1.7800841,3.6750388,0.52235264,0.31642467,-2.9055536,0.8641825,-1.0947186,0.035554748,-0.5321174,-1.9145727,-0.4461327,-0.9900828,0.0049680676,0.70214725,-1.822744,0.38108888,-1.1598177,1.0
3.0210047,2.8027864,2.2339478,1.6427076,2.356833,-0.7168193,1.6027569,-0.25762942,0.8255823,-1.2507899,-0.5087228,0.3390965,0.44092104,-0.89780074,-0.080981016,-1.9195224,1.3737121,0.73276716,-0.27759007,0.36497962,1.0
6.740782,8.660259,6.98656,7.301426,10.03839,1.8506896,0.34870052,-1.9673226,-0.71503115,-0.07918297,-2.5882273,-1.4451406,1.154099,0.30846885,1.3471226,-0.98116004,0.8890375,0.8049688,0.0036115537,1.255269,4.0
7.048912,7.938626,7.219918,10.83095,8.542524,0.41366893,0.49981716,-0.9215472,0.61000586,0.23710427,1.961568,1.7647861,-0.06597086,-1.1385832,0.06191548,-0.6512194,-0.43332583,-1.6002413,1.5560913,0.08559732,4.0
5.141668,4.8987293,5.15479,4.1794724,3.576391,1.2349588,1.2407899,0.53760165,-0.35086292,-2.6818476,-0.09573173,-0.8259882,0.2883166,-0.67651314,1.7943296,-0.6214479,0.28054783,2.2215886,0.7134719,0.45423418,2.0
3.8754218,3.7617092,4.3229647,4.085703,5.3748775,-0.36211014,-0.07048528,0.055409037,1.0344943,-1.0668594,-0.4754063,-0.07432249,-0.32013655,0.14573385,-0.6276626,0.74228024,-1.8425283,-0.75596553,-2.1543617,1.0369465,2.0
5.790779,7.782906,6.4869685,5.978381,7.450536,-1.4289691,1.5047276,0.567632,0.34746513,0.892142,0.710592,-0.39783055,-0.12161485,-1.5955162,-1.2321361,-1.2461114,0.28512463,3.3576398,0.4681701,-0.40816024,3.0
6.433265,7.3057647,5.9171906,6.1333437,5.10938,0.5118403,0.55461776,0.8192678,1.2304293,-0.4141149,1.0114226,-0.4654625,-0.962176,0.7284785,-0.41005474,-0.47884402,0.8010259,-0.31258008,0.091104716,-0.5846028,3.0
1.3182306,-0.08454076,1.1725019,-0.7763444,0.7430488,0.80656207,-0.0060308482,0.2008052,-1.5751342,-1.0953305,-1.3355453,0.4192076,-0.226013,-1.1739378,-0.5904931,-0.8306774,-0.13888532,-0.013594976,1.1816574,-0.35787866,0.0
1.3699083,2.296606,4.4825,2.9882016,3.6398163,0.7222935,0.028000697,-1.28826,-1.3607775,-1.6181387,-0.65837365,1.5646085,0.33972892,-1.0840715,0.04914101,-0.6045487,-0.04422344,0.2733028,1.0975783,1.8590218,2.0
6.7828445,5.24267,5.146364,5.6917343,6.00436,-0.3159777,0.1680135,-1.0768986,2.0847943,1.3022969,-0.40448958,-0.23280607,-0.46123818,-0.6087651,-0.38642457,0.3772109,0.7424602,-1.9126176,-1.9847841,1.0972697,3.0
6.0094147,5.8068223,5.977467,5.471817,4.4678483,0.47398677,1.8007392,0.6609292,0.8202462,-3.740158,-0.5501195,0.30221966,-0.4363198,0.15185022,-1.994953,-0.5321951,0.11730836,1.9285147,-0.34261405,-0.9232272,3.0
3.5088286,0.9957719,0.1409117,2.5605197,3.0616717,0.5915331,-0.1382396,0.6345275,0.4152785,0.44851497,-1.445216,0.82662416,0.60447997,-0.22073042,0.6772463,0.68954885,0.84174114,0.78446794,0.19841741,0.16298424,1.0
7.4827466,8.521748,9.570322,6.8406787,7.520797,0.008534313,-0.081848525,-1.0531708,0.6070162,-0.7588842,-0.31797886,-0.3734952,-1.2645625,0.71665406,1.0573263,-0.6707302,-0.05559217,1.3282622,0.7422977,-0.9761577,4.0
3.338046,4.6122026,3.6461031,3.0819526,3.2493482,0.03995079,-0.35337132,-1.3643795,1.1054054,0.5438784,-1.2959414,0.26270407,0.9078315,1.277814,-0.023275817,-0.19394559,-0.11542418,-0.28923377,0.37524396,-1.5094709,2.0
0.8663732,0.46916473,2.2999885,2.4437718,2.0565085,0.6120318,2.2107272,-0.012630149,-0.427499,-0.8492823,1.4697828,-1.198692,0.7364035,-0.7263671,1.4625196,-1.1601543,0.1697933,1.8673954,0.4762632,-0.5501829,1.0
2.5801392,1.3647606,1.9077502,1.4318905,4.627261,-0.34545255,-1.70986,-1.2670302,0.52699107,0.5610569,1.7443322,0.26856583,0.56958705,2.1440742,1.0330184,-0.00022032968,0.8516914,-1.3521185,0.08171535,-0.28547272,1.0
7.7643986,5.5542297,6.7511444,8.266107,8.449399,0.16968702,0.7137844,-0.51553214,0.48610905,-0.76548386,1.2747991,0.22435142,0.9868876,-2.491858,-1.7673795,0.5714054,-0.35648945,0.9548429,0.8344399,0.93438137,4.0
7.5173054,7.887046,9.129361,7.8590913,6.5986037,2.1294806,-0.9012618,-0.57306904,-1.2646253,-0.4798268,-0.7916274,0.6267058,-1.7690213,0.34495232,0.8136828,-0.74264264,-1.7348036,0.6175261,0.34495425,-1.7447764,4.0
3.0029345,3.73746,6.074927,5.488236,4.6752424,0.93439615,0.25334224,0.17862943,0.22715467,0.91273206,-0.8846476,0.57099897,-0.84395534,-1.2458436,-1.476003,-1.6931862,-0.67291886,0.47573322,1.2609317,-0.5730094,2.0
1.1695597,1.2255504,2.7518911,1.8434913,1.290391,-0.9372992,-0.8041687,0.66967565,-0.049939577,0.9805402,-0.4853381,1.1331447,-0.7518069,-0.054426577,-1.0631888,-2.4393864,0.40981597,-0.17347118,1.5763597,-0.67883223,1.0
2.977687,3.1636631,2.0375826,2.611723,3.354107,-1.1042246,-0.14608508,1.1130644,0.33577853,-0.7198783,0.75122947,-1.0953715,1.5218706,-0.03974777,1.0912573,-0.10607601,-1.0891906,0.49146187,0.37141576,-0.35400054,1.0
4.803135,5.115963,5.503236,6.8177905,4.0460734,0.24539603,-1.2183913,0.6071338,-1.4073985,1.4956731,-0.40059057,-1.488885,-0.6999088,1.536263,-0.15507597,-0.5842725,-0.46540067,-0.6922735,-0.5021991,-0.905618,3.0
4.4590645,4.0188174,4.8801613,5.065469,5.31034,1.1130056,-0.869118,0.5920434,0.002325738,0.2722987,0.091492504,-1.3337263,-0.77979517,0.08649072,-1.1758308,-0.4472176,0.067938134,-1.4915606,-1.7117735,-1.0539639,2.0
7.92889,6.385751,7.771207,9.040123,8.572865,-1.3633742,-0.43595517,0.24391158,-0.1973867,0.21400271,2.4289906,0.21771835,1.4406592,-1.5486685,0.28437775,0.10646558,0.844992,0.99839044,-0.021297405,1.2483869,4.0
2.973666,3.3512857,4.194846,3.9741116,4.6924896,-0.5392974,0.25993443,-1.2876372,3.8026872,-1.8543721,-0.25639814,0.65327847,-1.393748,0.59323275,1.0186186,0.7548264,-0.08826299,-1.307775,-0.31163448,-0.65904623,2.0
5.223582,4.45726,5.06721,6.4188576,6.4868484,0.37937346,0.019154215,0.6180815,-0.010039748,0.923412,0.4696763,0.35608223,1.4398941,-0.4634941,0.38158613,1.2467759,0.6357323,-0.36421078,0.88742524,0.55798435,3.0
7.690555,7.7007275,7.948982,7.518545,6.0615125,2.0231295,-1.247535,-0.6538193,-0.14035326,-0.24679387,1.0288227,1.2715147,-2.7220259,0.46202102,-1.2690204,-0.11892474,-0.93234515,1.0618972,-0.57092565,1.6775471,4.0
2.1666582,4.408699,2.3721237,2.5402083,2.2767444,0.41697565,-0.74125725,0.66839886,-2.0990608,-0.39492092,-0.24389662,-0.24923217,-1.8580763,0.20161647,-0.8463696,-0.18241169,-0.87276024,-0.6158286,0.02740051,-0.91844916,1.0
5.6848745,5.945969,6.558214,6.4797416,7.510087,-0.1879644,1.5841044,1.0233245,0.5635468,-0.35256281,0.42628497,-0.07204304,2.5143554,-0.7882144,1.0096989,0.25077048,0.40176892,1.6461588,-0.19607997,-0.20891722,3.0
0.3892399,4.1473303,0.19342625,3.0526793,2.6369026,2.0833454,0.018356068,0.009467416,0.093401544,1.3510505,0.8350712,-0.5797427,1.7379186,0.08374633,0.7051663,0.8941569,0.86597025,-0.13960421,1.5717583,-0.5448525,1.0
0.2796742,-0.8606321,-1.2625358,0.13978861,0.48667315,-0.10836114,-1.2965271,0.072177626,1.5534426,1.7706506,-0.96501243,0.5250352,0.36789775,-0.16464558,0.5195718,-0.29036787,-0.018342022,2.0612707,0.47715116,1.5680494,0.0
2.482749,6.138734,3.3092203,6.298532,2.1015935,0.53779805,1.6787194,0.5518647,-0.34395054,1.168047,-0.791685,0.78608763,-0.3342504,0.92061067,-0.38131687,2.178927,-0.099168025,0.011898429,-0.6046183,2.785403,2.0
1.7308033,0.9390638,2.6686282,2.9506445,1.21716,-1.8795145,0.1512988,-1.1346272,-1.2884527,1.3222376,0.059541933,-0.6418,-1.9658018,-0.5678039,-0.9801422,0.32173076,-2.048745,0.62733346,-0.555696,0.15062086,1.0
-0.5349795,0.44200313,-0.72341394,-1.5938423,0.16366138,-0.577164,1.5001163,0.6798132,-1.8416495,-1.1220537,0.9171615,1.0658741,-1.3905572,-1.0463256,-0.5565451,-0.6640405,1.2115415,-0.42229503,0.23037665,-0.9105712,0.0
8.00456,8.00227,7.508033,7.6476774,8.727513,-0.5966843,1.0327166,0.59020543,1.3538681,2.3891094,1.7374803,-0.1534127,-1.188033,-1.0122837,0.31878257,-0.13093074,-0.91004443,-0.86431295,0.6891684,0.20398004,4.0
2.5969217,1.4600434,2.1133027,2.2772453,3.3703964,-0.57365793,-1.0653448,1.9248974,-1.0905064,-0.47725102,1.1411293,0.9790831,-0.521578,-0.20939112,0.24465173,1.1430173,0.6607442,0.031205008,-1.5502132,1.1290227,1.0
3.020416,2.5325727,4.475371,2.682273,3.3892465,0.19925344,0.43617174,-0.5860389,0.25783062,-0.12421947,-1.2386715,-0.37855905,0.5438715,1.5681126,-0.3961354,0.01442446,1.0389425,-0.9602945,0.11592067,-1.0864146,2.0
5.0297284,6.683735,4.554849,5.8314524,7.1338253,0.34197286,-1.3246812,-0.58318746,-1.451176,-1.352517,0.120784715,-3.0705957,0.9794699,0.98894346,0.47584528,-0.42412543,1.1926364,-1.6832019,-2.3033142,-0.7242077,3.0
-0.6494539,1.6244394,1.1240016,1.6580765,2.697908,0.50284934,0.7052532,-0.7366239,-0.5515622,0.9402386,2.3200157,-0.4330771,-0.9000409,-0.34529856,1.6228778,0.355379,-1.020088,-1.8698094,2.4120812,0.99473166,1.0
3.3305526,3.049038,2.5847447,0.2346685,2.0822713,0.66622317,1.2693061,1.3017284,1.506353,1.8036276,-0.5745663,-0.2773298,-1.2495246,0.45590243,0.99641234,-1.6358163,-0.38774788,0.78814,-0.3118479,-0.47157845,1.0
9.000757,8.027717,9.486412,7.620679,9.132757,-0.94638705,-0.78076255,-1.724294,0.964668,-0.17401321,0.7563463,1.2253317,0.74452066,-0.73682123,0.49731195,-0.47207117,-0.7515233,-1.9064353,-0.954145,-0.38395202,4.0
4.7507324,6.003896,7.7014904,7.674756,4.8965645,0.5651632,0.63025016,-0.8290929,-0.2044856,-0.6499254,-0.086747564,1.114149,-0.75838536,-0.06551756,1.2532907,-1.2911906,-0.12948231,-0.584782,0.1910776,-0.49081647,3.0
5.223441,2.6741931,3.8210042,3.4028943,3.3099704,0.07715992,-0.016201992,0.41518745,-1.2441291,-1.3966289,0.64460164,1.1298174,-0.16216235,0.97188056,0.31361738,0.4049867,0.23594289,-1.7688229,-0.8104126,0.055193048,2.0
6.9055076,6.3830934,6.748356,6.3744664,6.608362,0.42286885,1.0182828,0.30330437,-1.4103639,-0.1789877,1.4646059,-0.43716532,-0.16057646,0.0492203,2.024141,-0.29207492,-0.55221975,-1.8669605,-0.6739644,-0.041373856,3.0
8.156271,9.265737,8.19662,8.54235,7.63838,0.20529298,0.13806747,1.0474093,-0.608487,-0.33669138,-0.62948716,0.4505331,-0.29943243,-0.34750903,-1.1730549,-0.58827174,0.8389014,-1.368476,1.756085,1.1743774,4.0
5.6875677,6.5293064,6.3414297,6.955456,6.993564,0.55106205,0.38945255,-1.1739589,-0.30409357,-0.8591876,0.3117651,0.021418009,-0.60899967,-1.9653965,-2.2240021,0.7106829,-1.9338623,0.8782096,0.5191037,0.9287246,3.0
1.2545649,-0.8601639,-0.085775085,-1.2760035,-1.8271511,0.0060076253,1.0616744,0.34947616,0.84948,-0.23620217,0.05834689,0.8098228,1.4962795,0.5641068,-1.1628484,0.8087558,1.4118237,0.04405547,-0.92098427,1.5412225,0.0
-0.49848878,0.15731408,1.9317207,-0.5171358,0.53215307,0.104929194,-0.40298897,-2.845093,-1.8392786,0.08650154,0.78049254,0.087550454,-1.101774,-0.5892063,-0.056088917,-1.2283494,0.52644837,-1.7913768,0.145592,0.34840685,0.0
8.518787,7.0406837,7.3622293,7.152672,7.959806,-0.2434273,1.0775728,-0.28891942,-0.11901425,-0.30230084,0.050338656,-0.33096415,-0.29472354,-0.72914743,0.8015076,-1.6327027,-1.0415226,-0.93864566,-0.010576291,0.71830225,4.0
7.034494,6.875113,6.779051,6.762315,9.254466,-0.9709569,1.1139929,-1.9378885,0.20193784,-0.98010844,1.4173614,0.51727015,-0.19136901,-0.7115298,-0.029120209,0.59092647,-0.88988775,-0.971212,-0.18757495,0.030847672,4.0
-0.36833644,1.7902632,-0.109640144,-0.6609497,-0.08761039,-0.055115636,0.5639882,1.4075992,-0.18125182,-0.32883924,-1.8099914,0.6444108,1.9080212,0.07506293,0.67985123,1.3466178,1.5136381,0.2971608,-0.13717648,-1.8295523,0.0
1.9394739,-0.699651,-0.59382963,-0.810551,-0.1575317,-0.19554812,-1.5300598,-1.1289132,1.4697133,1.0623428,1.6827687,-1.5945244,1.3405465,-0.75679094,0.26939043,0.6715515,1.1135602,0.72660327,1.4487005,-1.1032348,0.0
-0.97524834,-0.5541339,1.2726262,-0.9970491,-1.0590048,-1.6571553,0.15110162,-0.7374701,0.5621984,-0.86637855,-1.0524955,-0.14337614,0.7535809,-1.0291594,-0.449278,1.2412248,-1.2158078,0.68796355,-0.4084051,-1.0639104,0.0
7.940478,8.1574545,7.3154616,9.2011595,6.7915545,-0.98937744,-0.07979188,0.5114199,-0.080405094,-0.09751125,-0.664353,0.906523,-0.03272015,-0.86748755,0.4422072,0.16503468,1.4351572,-0.31638741,-0.9710157,0.21408258,4.0
10.731077,8.576354,5.9357047,7.100949,8.561656,0.118159965,1.5396,-0.20150265,0.9258435,-0.0038342571,1.084106,-0.49183297,-0.46308464,0.2950292,1.7958552,0.84564114,-1.3266006,0.36708793,0.0810944,1.3119463,4.0
8.094513,6.0086427,5.7277393,6.6285844,6.7965865,1.5408032,0.562423,1.6617239,1.0679868,-0.22804146,-1.3907344,-2.1337152,-1.6207966,-1.9057548,-0.7257245,0.9473289,1.313678,0.319986,-1.0325555,0.834769,3.0
5.4943104,6.463261,7.2099967,5.3547873,6.360973,-0.14464934,-1.0494143,-0.09046099,-0.6006891,-1.0736309,0.46318015,-0.0061827023,2.3435388,0.091903865,-0.030504314,1.1990141,0.2784327,-0.61230373,0.016595755,-1.1996168,3.0
1.2898058,-1.1593587,0.84104854,0.58654755,0.47961995,-0.1336404,-0.70799875,0.6568071,-0.011131105,0.050254565,-2.4877903,0.6523842,-0.3488208,0.272992,0.45390797,-0.034482513,-0.19694613,1.1726923,-0.64185286,-0.2995158,0.0
6.7417984,6.601967,7.500574,8.512597,8.832828,0.27592984,-0.508008,-1.0988171,0.66403973,-0.07369779,0.099921934,0.82709855,1.2017822,-2.0773423,0.18777797,0.9285699,0.5717242,-0.39048117,0.43360722,-1.0053916,4.0
0.9113914,2.3638275,2.1650994,3.7564263,2.3472927,-0.6867043,-0.8113794,-0.44982055,-0.3678576,0.41067997,-2.0572226,1.0906489,0.11871454,-0.05679621,0.045860622,-0.360099,-0.24233335,2.0554729,0.40238306,1.8499733,1.0
-0.31449103,-1.0524989,-0.04280662,-0.7089608,-0.35465884,-1.2449976,0.19499701,-0.90099895,2.4731038,-0.93907833,-1.3779082,-0.10939823,0.38721886,-0.18874575,0.53792,0.70836866,-0.15470892,0.23131382,0.57997984,-0.13723311,0.0
4.5520916,3.3527427,2.9047294,3.911141,3.5201113,-0.08237551,3.0706742,-0.2674297,0.44066873,-0.30056614,-0.044892076,0.31996897,-1.6532364,-1.4623505,0.7104849,0.5465418,-1.2278457,-0.07214202,2.3937051,-1.4489901,2.0
6.185389,5.0832663,4.7158422,5.4999347,5.1714826,0.30718583,1.0226061,-0.37609404,0.060576975,1.8271189,0.56579703,-0.75871,0.7421259,-1.1653394,-0.6914027,1.5997586,-1.5271399,-0.19790328,-0.73387605,-0.2094759,3.0
