IID	ALLELE_CT	NAMED_ALLELE_DOSAGE_SUM	PC1_AVG	PC2_AVG	PC3_AVG	PC4_AVG	PC5_AVG	PC6_AVG	PC7_AVG	PC8_AVG	PC9_AVG	PC10_AVG	super_pop
HG00096	1734414	1734414	0.0935475	-0.129071	-0.0292312	-0.0413522	-0.00108263	0.00163112	0.00423133	0.00835879	-0.00063899	0.000786778	EUR
HG00097	1733276	1733276	0.0922489	-0.131118	-0.0275428	-0.0378467	-0.00132921	0.00295986	0.00326657	0.00811931	0.00116166	0.00317383	EUR
HG00099	1733294	1733294	0.0941905	-0.130775	-0.0303854	-0.0374139	-0.00204407	0.00515341	0.00851477	0.00990039	0.00357506	0.0120959	EUR
HG00100	1730980	1730980	0.0912799	-0.130575	-0.0275521	-0.0360562	-0.000224883	0.00196248	0.00273331	0.0034189	0.00504537	0.0103894	EUR
HG00102	1732858	1732858	0.0958412	-0.129475	-0.0249526	-0.0355413	-0.00312732	0.00695987	0.00908035	0.0106544	0.00207816	0.00766731	EUR
HG00104	1721854	1721854	0.0921233	-0.128576	-0.025913	-0.032913	0.000621078	0.00452778	0.00369796	0.00895308	0.00296384	0.0087253	EUR
HG00108	1733592	1733592	0.0906194	-0.129867	-0.0301061	-0.0400085	-0.0013052	0.00106064	0.00805508	0.0103869	0.00254986	0.0103316	EUR
HG00109	1732510	1732510	0.0924848	-0.129099	-0.0277367	-0.0422949	-0.00027597	0.000828136	0.00394011	0.00462668	0.000702277	0.00828687	EUR
HG00110	1732364	1732364	0.0955068	-0.127056	-0.0271046	-0.0385397	-0.00236099	0.00526327	0.00811237	0.0116859	0.00282816	0.0092505	EUR
HG00112	1735460	1735460	0.0947628	-0.128967	-0.0253288	-0.0377456	-0.00134433	0.00121151	0.00759263	0.0119576	0.00572956	0.00455246	EUR
HG00113	1725722	1725722	0.0924254	-0.129363	-0.028517	-0.0385092	-0.0013348	0.000366043	0.00377415	0.0046779	0.00526355	0.0129558	EUR
HG00114	1732480	1732480	0.0921749	-0.130543	-0.0297439	-0.0402108	-0.000536478	0.0036204	0.00351124	0.0037242	0.00602355	0.00905088	EUR
HG00115	1734334	1734334	0.0934938	-0.131436	-0.0268015	-0.0394371	-0.00185774	2.02121e-05	0.00359063	0.00572792	-7.26298e-06	0.0056028	EUR
HG00116	1734586	1734586	0.0955882	-0.130584	-0.0314629	-0.0399284	-0.00328751	0.00335404	0.00820271	0.0097049	0.00253914	0.0181465	EUR
HG00118	1733452	1733452	0.0946512	-0.129903	-0.0296233	-0.0348888	0.00102509	0.000884427	0.00533347	0.00554562	0.00232734	0.0108404	EUR
HG00119	1734240	1734240	0.0939221	-0.128973	-0.0294901	-0.038699	-6.44183e-05	0.000608375	0.00522764	0.00662401	0.00440143	0.0109769	EUR
HG00121	1734514	1734514	0.094126	-0.1328	-0.0259524	-0.0380283	-0.00124901	0.00702347	0.0094767	0.0143665	8.4665e-05	0.00594939	EUR
HG00123	1734640	1734640	0.0922901	-0.130813	-0.026279	-0.0357973	0.000863346	0.00491976	0.00380874	0.0126093	0.00308693	0.0141055	EUR
HG00125	1732692	1732692	0.0931094	-0.12824	-0.0297455	-0.0368189	-0.00306044	0.00726219	0.00831846	0.0139582	0.0060964	0.0102652	EUR
HG00128	1732400	1732400	0.0921815	-0.133797	-0.0256214	-0.0409031	-0.00132174	0.000826535	0.00503144	0.00604617	0.00378362	0.0121125	EUR
HG00129	1733746	1733746	0.0938976	-0.130444	-0.0293113	-0.0351942	-0.000519442	0.00723801	0.00755166	0.0111564	-0.000886156	0.00219144	EUR
HG00130	1732724	1732724	0.0903897	-0.131519	-0.0263033	-0.0419984	-0.000841364	0.00385894	-8.59607e-05	-0.00116956	0.00329716	-0.00330842	EUR
HG00132	1732102	1732102	0.0937876	-0.13443	-0.0252943	-0.0435909	-0.00114165	0.00490577	0.000670839	-0.000301897	0.00421669	0.0103592	EUR
HG00133	1732766	1732766	0.0930919	-0.132516	-0.0263019	-0.0392031	-0.00251512	-0.00135473	0.00342203	0.00385642	0.00249973	0.00279769	EUR
HG00136	1734030	1734030	0.0949407	-0.129866	-0.0293053	-0.0394239	0.00279464	0.00241246	0.00683529	0.00957478	-0.000352477	0.00993629	EUR
HG00137	1734584	1734584	0.0949954	-0.132174	-0.0268358	-0.0386023	0.00266074	-0.000520386	0.00260019	0.00320052	0.00302523	0.00918908	EUR
HG00139	1734056	1734056	0.0917199	-0.131681	-0.0274534	-0.0387406	0.000238548	0.00619048	0.00470571	0.00775725	0.00193499	0.00544824	EUR
HG00141	1734894	1734894	0.0947666	-0.131501	-0.026987	-0.0354273	-0.00171813	0.00190763	0.00676293	0.00897342	0.000173765	0.00690811	EUR
HG00142	1732040	1732040	0.0923384	-0.133863	-0.0263413	-0.039281	-0.0016194	0.000374776	0.004528	0.00523677	0.00136278	0.00561377	EUR
HG00144	1731994	1731994	0.0934517	-0.128779	-0.0322424	-0.0361636	-0.00269522	0.00256915	0.00566258	0.00597998	0.000268095	0.0108282	EUR
HG00148	1728574	1728574	0.09289	-0.132012	-0.0282675	-0.0393902	-0.000152751	0.00124021	0.00532289	0.00491323	0.00756995	0.0042878	EUR
HG00149	1734982	1734982	0.0923469	-0.134664	-0.031755	-0.041008	-0.0010558	0.00144649	0.00472573	0.0102461	-0.000278217	0.0103419	EUR
HG00154	1734710	1734710	0.0923109	-0.136876	-0.0296331	-0.0396006	-0.000847664	0.00263132	0.00158555	0.00431223	0.00291042	0.00989549	EUR
HG00156	1731638	1731638	0.0930671	-0.129903	-0.0292945	-0.0419683	0.00152061	0.00294231	0.00168584	0.0058015	0.00327447	0.0110631	EUR
HG00157	1735822	1735822	0.0929627	-0.128919	-0.0315541	-0.0409531	-0.00254211	0.00482384	0.0067157	0.00999556	0.00597794	0.00254562	EUR
HG00160	1733930	1733930	0.0938258	-0.133079	-0.0306458	-0.0383238	-0.00171423	0.00116224	0.00560275	0.00498127	0.00174777	0.0107608	EUR
HG00171	1735204	1735204	0.101218	-0.108004	-0.0342098	-0.0335784	-0.00712865	0.0376059	0.0358178	0.0738103	-0.00628406	-0.00906996	EUR
HG00173	1726658	1726658	0.0988614	-0.110309	-0.0320317	-0.0324532	-0.00530104	0.029143	0.0336733	0.0678682	-0.00166449	-0.012458	EUR
HG00174	1734850	1734850	0.0986691	-0.117674	-0.0327163	-0.0363796	-0.00350788	0.0265744	0.0257353	0.0493696	-0.00684337	-0.00716688	EUR
HG00176	1735462	1735462	0.098049	-0.110617	-0.0335602	-0.034901	-0.00437356	0.0299512	0.0296217	0.0673758	-0.00513639	-0.00942792	EUR
HG00177	1730810	1730810	0.0995733	-0.103134	-0.0316092	-0.031935	-0.00466259	0.0357071	0.0322143	0.0674102	-0.00624832	-0.0130449	EUR
HG00178	1733050	1733050	0.098114	-0.111469	-0.0299878	-0.0354719	-0.00689287	0.0311906	0.0301088	0.0607518	-0.00276072	-0.00896637	EUR
HG00179	1734734	1734734	0.0976663	-0.10766	-0.0299885	-0.0332821	-0.00557971	0.0296419	0.0305877	0.0670924	-0.00442287	-0.00676113	EUR
HG00180	1716152	1716152	0.0937168	-0.109938	-0.031081	-0.033437	-0.00630675	0.0289998	0.0327825	0.066256	-0.00666701	-0.000644618	EUR
HG00182	1733938	1733938	0.0966708	-0.109356	-0.0330445	-0.0292903	-0.00372332	0.032745	0.0337938	0.0706742	-0.00524269	-0.00596624	EUR
HG00183	1735582	1735582	0.0983782	-0.109377	-0.0272487	-0.0335286	-0.0040438	0.0306819	0.0327378	0.0642986	-0.00475924	-0.00979451	EUR
HG00185	1734370	1734370	0.0988086	-0.106382	-0.0287961	-0.0344032	-0.00714639	0.0330987	0.0362732	0.072225	-0.00856124	-0.0108093	EUR
HG00186	1734800	1734800	0.0994823	-0.110789	-0.0316596	-0.0330776	-0.00382221	0.0315483	0.0348639	0.0723116	-0.00650422	-0.0145071	EUR
HG00188	1733008	1733008	0.0976471	-0.113366	-0.0293814	-0.0318857	-0.00395461	0.0330598	0.0289956	0.0576803	-0.00357704	-0.0107063	EUR
HG00231	1731738	1731738	0.0939278	-0.128945	-0.0264457	-0.036547	-0.000996831	0.00196997	0.00297741	0.000739711	0.00283994	0.00510236	EUR
HG00233	1732378	1732378	0.0910033	-0.133491	-0.0291034	-0.0415492	0.00246794	-0.000219657	0.00429946	0.00665624	0.0030377	0.00118104	EUR
HG00234	1734476	1734476	0.0946501	-0.132921	-0.0259713	-0.0401687	-0.000287481	0.00261559	0.00352875	0.00438483	0.00111554	0.0119755	EUR
HG00236	1734404	1734404	0.0895126	-0.133347	-0.0290711	-0.0417026	0.00279365	0.00122362	0.00177738	0.00581101	0.00317093	0.00794319	EUR
HG00239	1733406	1733406	0.091688	-0.135445	-0.0256282	-0.0407376	0.000453103	0.00362756	0.00739783	0.00637746	0.000592091	0.00587058	EUR
HG00240	1730120	1730120	0.0935908	-0.131697	-0.0272794	-0.0368627	-0.000340173	-0.00176738	0.00476372	0.00278325	0.00472298	0.00803616	EUR
HG00243	1735112	1735112	0.0933335	-0.131564	-0.0262438	-0.0352623	-0.00196771	0.00222415	0.00363117	0.00420493	0.00183393	0.00910279	EUR
HG00244	1734360	1734360	0.0919851	-0.132462	-0.0274727	-0.03569	-0.000896476	-0.00468367	0.00168712	-0.000957471	-0.000424301	0.00456304	EUR
HG00245	1735146	1735146	0.091532	-0.129878	-0.0281451	-0.0395558	-0.000789066	0.00176066	0.00446499	0.00792103	8.8608e-06	0.00508179	EUR
HG00246	1730756	1730756	0.0914265	-0.128673	-0.0292946	-0.037393	-0.00230574	0.00109621	0.00280676	0.00194806	0.00194988	0.00184047	EUR
HG00250	1722050	1722050	0.0924559	-0.128169	-0.0267802	-0.037421	-0.000199898	0.00042739	0.00409427	0.00678635	0.00696918	0.00608176	EUR
HG00251	1731058	1731058	0.0941592	-0.129958	-0.0275255	-0.0365813	-0.000420995	0.00142191	0.0016888	0.000297247	0.00217674	0.00867272	EUR
HG00253	1733268	1733268	0.0924798	-0.133844	-0.0300877	-0.0400494	-0.00179122	0.00361451	0.00421177	0.00508306	0.00450109	0.0100548	EUR
HG00254	1734054	1734054	0.0902606	-0.130484	-0.0280687	-0.0376404	-0.00146549	-0.00340848	0.00290393	0.00299066	0.00371495	0.0028186	EUR
HG00256	1721526	1721526	0.0939487	-0.131816	-0.0259335	-0.0402259	-0.00236176	0.00463772	0.00386604	0.00591888	0.000160821	0.00237419	EUR
HG00258	1733670	1733670	0.0927574	-0.131231	-0.0299787	-0.0400088	-0.00167823	-0.00127505	0.00493242	0.00364648	0.0013873	0.00346553	EUR
HG00263	1735266	1735266	0.0948667	-0.133392	-0.0260036	-0.0390175	0.00110835	-0.00133153	0.00451862	0.00101621	0.00370115	-0.000714948	EUR
HG00264	1735206	1735206	0.0918476	-0.131913	-0.0316547	-0.0348805	-0.00216965	0.00174321	0.0060695	0.00797293	-0.000702316	0.00648494	EUR
HG00266	1734752	1734752	0.0967865	-0.110194	-0.0304592	-0.0355422	-0.00308562	0.0293009	0.0296718	0.0653848	-0.00556808	-0.0140489	EUR
HG00268	1735402	1735402	0.0961581	-0.114523	-0.0300349	-0.0375698	-0.00518005	0.0237455	0.0307607	0.0585909	-0.00154573	-0.00353337	EUR
HG00273	1734740	1734740	0.098231	-0.111853	-0.0296424	-0.0370365	-0.00585744	0.0284049	0.0291915	0.0572954	-0.00251179	-0.00521563	EUR
HG00274	1734260	1734260	0.0993913	-0.116303	-0.0338603	-0.0356974	-0.00402214	0.0279638	0.0319186	0.0602501	-0.000946014	-0.00442595	EUR
HG00276	1732908	1732908	0.0967386	-0.110869	-0.0329394	-0.0319829	-0.00569571	0.0338965	0.0336272	0.0698943	-0.0054679	-0.0158494	EUR
HG00277	1734262	1734262	0.0980953	-0.118607	-0.0264739	-0.0349451	-0.00567223	0.0221817	0.0248004	0.0458332	-0.0015188	-0.00191633	EUR
HG00278	1723544	1723544	0.0933489	-0.111746	-0.0318118	-0.0307746	-0.00316349	0.0338577	0.0392935	0.0732523	-0.00835155	-0.00628825	EUR
HG00282	1734408	1734408	0.0972181	-0.107668	-0.0288258	-0.0347779	-0.00339758	0.0331947	0.0342957	0.069819	-0.000741277	-0.00760644	EUR
HG00285	1731870	1731870	0.0985869	-0.106507	-0.0297641	-0.0357205	-0.00576105	0.0330778	0.0360683	0.0762537	-0.00450252	-0.0108546	EUR
HG00288	1732794	1732794	0.0978729	-0.111038	-0.0259551	-0.0309162	-0.00585024	0.0369118	0.0342246	0.0728923	-0.00535685	-0.0108226	EUR
HG00290	1734984	1734984	0.100175	-0.107485	-0.026997	-0.0304974	-0.00606632	0.0346602	0.0379344	0.0796789	-0.00476988	-0.0127743	EUR
HG00306	1733892	1733892	0.0978725	-0.115809	-0.0259811	-0.0339527	-0.00321826	0.0265174	0.027598	0.0556535	-0.00245578	-0.00161486	EUR
HG00308	1718326	1718326	0.095525	-0.108536	-0.0306215	-0.034183	-0.00315946	0.0247714	0.0344098	0.0620851	-0.00604171	-0.0148045	EUR
HG00310	1735172	1735172	0.0977299	-0.117483	-0.0315448	-0.0367081	-0.00509778	0.0255857	0.0300714	0.0554554	-0.00410217	-0.00521644	EUR
HG00313	1735204	1735204	0.0983646	-0.10917	-0.0317427	-0.034599	-0.00545102	0.0340937	0.0345712	0.0714899	-0.00798828	-0.0118921	EUR
HG00318	1734932	1734932	0.0980386	-0.115759	-0.0309958	-0.0349808	-0.00454616	0.0321609	0.0309921	0.0637766	-0.00356144	-0.00523644	EUR
HG00321	1735414	1735414	0.0995195	-0.107995	-0.0313734	-0.0322546	-0.00337078	0.027108	0.0328056	0.0645021	-0.00116129	-0.0108327	EUR
HG00323	1735688	1735688	0.0975758	-0.110211	-0.0309567	-0.0357184	-0.00729873	0.0337497	0.0372052	0.0790993	-0.00362245	-0.0149736	EUR
HG00327	1734086	1734086	0.0990952	-0.108804	-0.0289682	-0.0337184	-0.00558774	0.0292549	0.0305292	0.0695292	-0.00400748	-0.0101068	EUR
HG00328	1735654	1735654	0.0986016	-0.114818	-0.0335075	-0.032786	-0.00466805	0.0244146	0.0317231	0.0627867	-0.00105457	-0.00791656	EUR
HG00330	1734716	1734716	0.0966819	-0.110877	-0.0308338	-0.0356941	-0.00307883	0.0290504	0.0278638	0.0582945	0.00248854	-0.000530024	EUR
HG00334	1735778	1735778	0.097301	-0.117185	-0.0337843	-0.0364371	-0.0043104	0.0234066	0.0298517	0.059433	-0.00266908	-0.00813657	EUR
HG00335	1733412	1733412	0.0993212	-0.111989	-0.031628	-0.0375379	-0.00436311	0.0284335	0.0312204	0.064557	-0.00670135	-0.00494027	EUR
HG00337	1735438	1735438	0.0976208	-0.119157	-0.0342797	-0.037077	-0.00476159	0.0230662	0.0239375	0.0518693	0.0025762	-0.00322614	EUR
HG00342	1734864	1734864	0.100098	-0.106668	-0.0317522	-0.0357733	-0.00287384	0.0329853	0.0380211	0.0760355	-0.00560594	-0.0114184	EUR
HG00343	1735732	1735732	0.0978658	-0.112366	-0.0331648	-0.0364874	-0.00475819	0.033109	0.0351338	0.0741181	-0.00272261	-0.0102269	EUR
HG00344	1734464	1734464	0.097732	-0.119257	-0.0277357	-0.0366636	-0.00170314	0.0159357	0.0218131	0.0380733	-0.00177027	-0.00176431	EUR
HG00350	1735754	1735754	0.0942762	-0.12127	-0.0318192	-0.0377746	-0.00262373	0.0194719	0.0196094	0.0416631	0.000815756	0.00235073	EUR
HG00353	1733266	1733266	0.0993913	-0.112316	-0.0315466	-0.0364714	-0.00421003	0.026433	0.0325845	0.0679949	-0.00325974	-0.0145499	EUR
HG00356	1732532	1732532	0.0974237	-0.112463	-0.0313582	-0.0339699	-0.00396398	0.0302973	0.0296349	0.0647053	-0.00391765	-0.00414732	EUR
HG00357	1728098	1728098	0.0984139	-0.114409	-0.0316132	-0.0345531	-0.00473577	0.0287477	0.0303336	0.0646076	-0.00560463	-0.00650882	EUR
HG00358	1730780	1730780	0.0978047	-0.107863	-0.0356717	-0.0339095	-0.0079754	0.0367922	0.041157	0.0881907	-0.006351	-0.0106663	EUR
HG00359	1733260	1733260	0.0968836	-0.112054	-0.0303495	-0.0344236	-0.00470226	0.0265978	0.0278242	0.0557523	-0.00312432	-0.00937964	EUR
HG00361	1735436	1735436	0.100147	-0.105996	-0.0290429	-0.0317029	-0.00577375	0.037887	0.0419522	0.0792957	-0.00362488	-0.0141227	EUR
HG00368	1735438	1735438	0.0986847	-0.106198	-0.030782	-0.032024	-0.006764	0.0381171	0.0390482	0.0843466	-0.00767337	-0.00997733	EUR
HG00369	1735184	1735184	0.0997139	-0.110337	-0.0297465	-0.0320675	-0.0059776	0.0300665	0.0357066	0.0762558	-0.00586284	-0.00982128	EUR
HG00371	1735252	1735252	0.0979618	-0.108945	-0.0257865	-0.0342484	-0.00458544	0.0266435	0.0326299	0.0619711	-0.00401503	-0.00681334	EUR
HG00375	1732860	1732860	0.0975852	-0.112179	-0.0314089	-0.0343325	-0.00417431	0.0318057	0.0322807	0.0718961	-0.00699117	-0.00788403	EUR
HG00378	1729118	1729118	0.0978485	-0.110578	-0.0315111	-0.0371285	-0.00449444	0.0304714	0.0354859	0.0696969	-0.00602557	-0.00486918	EUR
HG00379	1733954	1733954	0.0986853	-0.112289	-0.0273399	-0.0307902	-0.00385102	0.0283111	0.0321044	0.0696544	-0.00346081	-0.0106714	EUR
HG00380	1734968	1734968	0.0947129	-0.121812	-0.0302056	-0.0386552	-0.00330074	0.0171495	0.0241816	0.0470984	-0.000808686	0.00927255	EUR
HG00381	1735424	1735424	0.100448	-0.11542	-0.0287912	-0.0369922	-0.00587608	0.0275261	0.0323688	0.0643358	-0.00583768	-0.0143655	EUR
HG00382	1734380	1734380	0.0954553	-0.108829	-0.0310989	-0.0328087	-0.00704194	0.0335396	0.0386232	0.0739489	-0.00947092	-0.0086419	EUR
HG00384	1733712	1733712	0.10043	-0.114166	-0.0319574	-0.0367051	-0.00477799	0.0267931	0.0327161	0.0673416	-0.00236257	-0.00947315	EUR
HG00457	1733634	1733634	0.123241	0.173999	-0.0132193	-0.0367838	5.26765e-05	-0.00576709	-0.000159438	0.00166803	0.00328813	0.00933618	EAS
HG00458	1734902	1734902	0.122752	0.172375	-0.0157872	-0.0328247	0.000939907	0.000382203	-0.00221964	-0.00218692	0.000855558	0.00244828	EAS
HG00473	1731828	1731828	0.12191	0.174435	-0.0140446	-0.034437	-1.31766e-05	-0.00147016	0.000854834	-0.000857946	0.00186811	-0.000349857	EAS
HG00613	1734776	1734776	0.123768	0.173417	-0.0122173	-0.0313244	-0.000809583	0.00508097	0.00201634	-0.000220046	0.00165098	0.00383709	EAS
HG00640	1735198	1735198	0.0675273	-0.0963349	-0.0351298	-0.013015	0.00060649	-0.012644	-0.0170452	-0.0278719	0.000596693	-0.00666422	AMR
HG00732	1731974	1731974	0.0729294	-0.0925323	-0.0391692	-0.0043296	0.00311152	-0.0135948	-0.0148566	-0.0265658	0.000227354	-0.0110128	AMR
HG00736	1734328	1734328	0.0690529	-0.100379	-0.0376698	-0.0113519	-0.000269024	-0.00998921	-0.014762	-0.0190148	-0.00155858	-0.007988	AMR
HG00743	1731564	1731564	0.062074	-0.0700224	-0.0504857	0.0196065	-0.00074412	-0.0112956	-0.010335	-0.0183401	-0.0023183	-0.0111763	AMR
HG01066	1731470	1731470	0.0646845	-0.093832	-0.0422855	-0.00551165	0.000991162	-0.0077508	-0.0135779	-0.0148249	-0.000257298	-0.0124613	AMR
HG01067	1735338	1735338	0.0594054	-0.089175	-0.0409582	-0.00318669	0.0039058	-0.0138025	-0.0164048	-0.024657	-0.00179543	-0.00633111	AMR
HG01086	1732594	1732594	0.044431	-0.0719486	-0.0424097	0.0138365	0.00359328	-0.0101919	-0.0104784	-0.0213265	-0.00462545	-0.0121991	AMR
HG01088	1727326	1727326	0.0255099	-0.0797697	-0.0373736	-0.00409228	0.00180309	-0.0105736	-0.00885451	-0.0166721	-0.00324103	-0.0155335	AMR
HG01094	1733342	1733342	0.0437772	-0.0846183	-0.0392099	-0.00521371	0.0014424	-0.0116238	-0.0123873	-0.0174821	-0.00435172	-0.0111186	AMR
HG01098	1734290	1734290	0.0568605	-0.0892143	-0.0414875	-0.00127832	-0.000210737	-0.0122901	-0.0163564	-0.0259086	-0.00114475	-0.0140167	AMR
HG01113	1729042	1729042	0.0933703	-0.0692196	-0.057361	0.0305793	0.00201122	-0.00836539	-0.0144188	-0.0213431	-0.00269986	-0.00443129	AMR
HG01119	1704854	1704854	0.0790054	-0.104529	-0.040567	-0.00589344	-0.00291426	-0.00612079	-0.00865301	-0.0285116	-0.00624864	-0.0064381	AMR
HG01139	1733164	1733164	0.0331846	-0.0462215	-0.0560278	0.0439324	0.000605179	-0.0031385	-0.00555874	-0.00872123	0.00119808	-0.00608056	AMR
HG01182	1733166	1733166	0.0422996	-0.0765932	-0.0395048	0.00546382	-0.00353196	-0.00873159	-0.0151286	-0.0179356	-0.00643759	-0.00727009	AMR
HG01190	1734990	1734990	0.0374492	-0.0599211	-0.0475149	0.0215734	-0.00262034	-0.00903182	-0.00878686	-0.0140744	-0.00274174	-0.0134288	AMR
HG01204	1730026	1730026	0.0543671	-0.0840209	-0.035257	-0.00518433	-0.000821428	-0.0105069	-0.0120844	-0.0285288	-0.00579883	-0.00692867	AMR
HG01247	1732486	1732486	0.019522	-0.0645472	-0.0416453	0.0096674	0.0032166	-0.0073979	-0.00965495	-0.0167029	-0.00248834	-0.0113716	AMR
HG01253	1725148	1725148	0.0796563	-0.075159	-0.0509465	0.0202573	0.000101659	-0.00867399	-0.008966	-0.0193308	-0.00017837	-0.0044997	AMR
HG01284	1721554	1721554	0.0699677	-0.0718985	-0.04783	0.0220513	0.000470222	-0.0140564	-0.0105874	-0.0194632	-0.00250819	-0.00897462	AMR
HG01305	1730314	1730314	0.035899	-0.0716526	-0.0415415	0.00898467	0.00119824	-0.00783765	-0.0135657	-0.01804	-0.00435623	-0.0111985	AMR
HG01322	1722068	1722068	0.0674116	-0.0928721	-0.0423548	0.00216774	0.000454881	-0.0120949	-0.0157727	-0.0221996	0.0029142	-0.0124046	AMR
HG01334	1734798	1734798	0.0932887	-0.125512	-0.0317139	-0.0381071	0.000185932	0.00272394	0.00627201	0.00621218	0.00207867	0.00801466	EUR
HG01341	1727270	1727270	0.103457	-0.0096292	-0.0873533	0.10608	-0.000620455	-0.00291853	-0.00143697	-0.00270219	-0.00196481	-0.00453442	AMR
HG01342	1734472	1734472	-0.0365732	-0.033379	-0.0423254	0.0319927	0.00131791	-0.00287967	-0.000474865	-0.00846881	0.00571079	-0.00097288	AMR
HG01344	1735424	1735424	0.088943	-0.0444167	-0.070569	0.0662065	-0.000127089	-0.0054789	-0.00645297	-0.00676792	-0.00385905	0.00232969	AMR
HG01347	1732850	1732850	0.0907166	-0.0867251	-0.0518408	0.0130916	-0.00133315	-0.0138539	-0.0157603	-0.0218017	0.00302218	-0.0129825	AMR
HG01372	1732988	1732988	0.0847387	-0.0621662	-0.0615061	0.0427139	0.00131873	-0.0119848	-0.00711678	-0.0155558	0.00197826	-0.00586922	AMR
HG01378	1735088	1735088	0.0833575	-0.0457443	-0.0659437	0.0580724	0.0012802	-0.00874699	-0.00833729	-0.0160016	0.00178451	-0.00241418	AMR
HG01398	1728672	1728672	0.030828	-0.0744479	-0.0406914	0.00943253	-3.24265e-05	-0.00330241	-0.0135378	-0.0178553	-0.00557039	-0.0150559	AMR
HG01438	1735434	1735434	0.083705	-0.121261	-0.0297066	-0.0252006	0.00186937	-0.0121549	-0.0104603	-0.0201609	-0.0032234	-0.0038607	AMR
HG01455	1736170	1736170	0.0896664	-0.0429581	-0.0722356	0.0612443	-0.000173193	-0.00236403	-0.00818853	-0.0105815	0.00061043	-0.0113576	AMR
HG01462	1734782	1734782	-0.00610599	-0.0210526	-0.0517012	0.0500838	-0.00281616	3.69252e-05	-0.00531232	-0.00795296	-0.00131193	-9.23785e-05	AMR
HG01465	1731826	1731826	0.0859231	-0.0886066	-0.0509291	0.0106051	0.000127774	-0.0122059	-0.0167498	-0.0264599	-0.000258294	-0.0142353	AMR
HG01482	1730716	1730716	0.095399	-0.0377857	-0.0649415	0.073475	-0.00170765	-0.00406689	-0.00668592	-0.00890226	-0.00451434	-0.00373201	AMR
HG01492	1734800	1734800	0.0848438	-0.0859507	-0.0492763	0.0123817	-0.00118611	-0.0108999	-0.0133656	-0.0257081	-0.00168743	0.00365508	AMR
HG01497	1735976	1735976	0.0848322	-0.0532547	-0.0674518	0.0554624	0.000457658	-0.00511469	-0.0083047	-0.015799	0.00681793	-0.00473973	AMR
HG01500	1735436	1735436	0.0799774	-0.125029	-0.0249082	-0.0397243	0.00220523	-0.00714481	-0.0159591	-0.0262201	0.00072212	-0.00719079	EUR
HG01503	1735386	1735386	0.0865744	-0.13119	-0.025774	-0.0399875	0.000268588	-0.00914127	-0.0119086	-0.0251624	0.0029856	-0.00219632	EUR
HG01506	1733522	1733522	0.0838753	-0.129644	-0.0237877	-0.0415001	4.32875e-05	-0.00966162	-0.0101159	-0.0194309	-0.000318109	0.00424811	EUR
HG01512	1732634	1732634	0.0880016	-0.134098	-0.0320491	-0.0401719	0.00289346	-0.00727423	-0.00997067	-0.0200195	0.00251549	-0.00559816	EUR
HG01513	1730204	1730204	0.0870951	-0.13212	-0.0307244	-0.0427541	0.00232428	-0.00907174	-0.0105576	-0.0227266	0.000107189	-0.00283739	EUR
HG01521	1729772	1729772	0.090836	-0.134026	-0.0337383	-0.0428109	0.000206366	-0.0066534	-0.00884215	-0.0161006	0.00453818	-0.00687476	EUR
HG01522	1729034	1729034	0.0925316	-0.131314	-0.0335682	-0.0455677	0.00121304	-0.00528282	-0.00742157	-0.0182192	-0.000700343	-0.00846416	EUR
HG01524	1724378	1724378	0.0841025	-0.127904	-0.0305784	-0.0421546	0.00100555	-0.00764427	-0.0131864	-0.0277204	-0.00289274	-0.00516635	EUR
HG01525	1717644	1717644	0.0804854	-0.125122	-0.0283034	-0.0420945	7.44969e-05	-0.0110905	-0.0135887	-0.0252671	0.00244189	-0.00241297	EUR
HG01531	1732062	1732062	0.0811108	-0.127992	-0.027291	-0.04214	-0.000757503	-0.0120603	-0.0151102	-0.0220355	-0.0037959	-0.000192374	EUR
HG01572	1734140	1734140	0.120615	0.0627446	-0.136011	0.214067	0.000798172	-0.00524116	0.0137439	0.018695	0.000492413	0.0101181	AMR
HG01578	1735692	1735692	0.105284	-0.00542708	-0.0961096	0.120861	0.000643299	-0.00956927	-0.000565049	0.00135299	0.00134155	0.00407289	AMR
HG01602	1726404	1726404	0.0804251	-0.125154	-0.0290908	-0.0408139	0.00236216	-0.0125058	-0.0124481	-0.0207058	-0.00386875	-0.00316614	EUR
HG01603	1730476	1730476	0.0833466	-0.126674	-0.0272908	-0.0432097	0.00197763	-0.00953753	-0.00897005	-0.017358	0.0034191	0.00597109	EUR
HG01605	1730560	1730560	0.0860759	-0.129277	-0.0284347	-0.0415443	0.00378681	-0.0111393	-0.0109023	-0.0228956	0.00206232	0.00494373	EUR
HG01607	1722726	1722726	0.0854155	-0.128801	-0.0244656	-0.0412801	-0.000390674	-0.00908397	-0.00936703	-0.0199679	0.000551977	0.00403197	EUR
HG01608	1727078	1727078	0.0812837	-0.127165	-0.0295673	-0.0396436	0.0017719	-0.00762817	-0.012346	-0.0218834	0.000493027	-0.00503703	EUR
HG01610	1721138	1721138	0.0798222	-0.129451	-0.0296014	-0.0451035	0.00142296	-0.00908358	-0.0153916	-0.0268303	-0.00284189	-0.00452125	EUR
HG01613	1731860	1731860	0.0868292	-0.130394	-0.0240497	-0.0399746	0.00148884	-0.00650536	-0.0113265	-0.0210072	0.000462684	0.00186752	EUR
HG01618	1725850	1725850	0.0816857	-0.124744	-0.0308477	-0.0395233	0.000207808	-0.00897021	-0.0124467	-0.0232482	0.000209451	-0.00337489	EUR
HG01619	1729892	1729892	0.0827184	-0.130541	-0.0251717	-0.0416508	-0.000968816	-0.00673041	-0.011235	-0.0199071	-0.00166663	-0.00568544	EUR
HG01620	1728532	1728532	0.0822811	-0.126841	-0.0297296	-0.0418912	0.000337096	-0.00939271	-0.0106012	-0.0232395	-0.00160943	0.000573443	EUR
HG01624	1729678	1729678	0.0820699	-0.125295	-0.0307161	-0.0417226	0.00427396	-0.00845278	-0.0140295	-0.0262736	-0.00289878	-0.00601055	EUR
HG01626	1732154	1732154	0.0810916	-0.123902	-0.0258581	-0.0393055	0.00206944	-0.00920556	-0.0164079	-0.0284806	0.00326444	0.00798276	EUR
HG01631	1727648	1727648	0.0873074	-0.133046	-0.0296232	-0.041285	0.00457593	-0.012813	-0.0119975	-0.0276227	0.000954063	0.00657868	EUR
HG01669	1728082	1728082	0.071859	-0.125777	-0.0264691	-0.0399277	0.00207069	-0.00646832	-0.00863175	-0.0187504	-0.00432195	-0.0123103	EUR
HG01670	1733678	1733678	0.0833515	-0.129994	-0.0273674	-0.0448562	0.00192915	-0.0100987	-0.015171	-0.0247256	0.000916461	0.00143658	EUR
HG01672	1733894	1733894	0.085247	-0.129416	-0.0275885	-0.0384779	0.0010447	-0.00943511	-0.0120065	-0.0182151	-0.000781102	0.00531116	EUR
HG01676	1733378	1733378	0.0882347	-0.134484	-0.0352884	-0.0455411	0.00127057	-0.0115954	-0.0147215	-0.0218945	0.00207592	-0.00071213	EUR
HG01678	1734742	1734742	0.0857117	-0.129038	-0.0269844	-0.0449667	0.00191458	-0.0105001	-0.0139763	-0.0212676	-0.0001053	9.70235e-05	EUR
HG01682	1734322	1734322	0.088092	-0.132067	-0.0271866	-0.0413448	-0.00014743	-0.00981898	-0.0108772	-0.0213252	0.00283033	0.00160486	EUR
HG01684	1734892	1734892	0.0875423	-0.130477	-0.0306458	-0.0418264	-0.000300943	-0.00665601	-0.00993557	-0.0194144	0.00208313	-0.00312791	EUR
HG01697	1731138	1731138	0.0799742	-0.12428	-0.0235889	-0.034706	-0.000675757	-0.00720846	-0.0121233	-0.0216748	-0.000813347	-0.00245175	EUR
HG01702	1734724	1734724	0.0916955	-0.135742	-0.0346708	-0.0438675	0.00143323	-0.00696106	-0.0143303	-0.0247764	0.00333449	-0.0061414	EUR
HG01704	1733820	1733820	0.0771384	-0.125695	-0.0236455	-0.0397708	0.000450846	-0.00910138	-0.0135798	-0.0205024	0.000715219	-0.00481368	EUR
HG01708	1735074	1735074	0.0830207	-0.124392	-0.0249077	-0.0398968	0.000859937	-0.0101541	-0.0100642	-0.0151711	-0.00102857	-0.0074807	EUR
HG01710	1722078	1722078	0.0796578	-0.127903	-0.0212969	-0.0427311	0.00129559	-0.00820521	-0.0108018	-0.0141074	-0.00261627	-0.0047663	EUR
HG01746	1733250	1733250	0.0865123	-0.130023	-0.0290548	-0.0457677	0.00151586	-0.00846521	-0.012777	-0.0236725	0.001552	-0.00550382	EUR
HG01747	1731702	1731702	0.0849598	-0.13176	-0.0265857	-0.0377984	0.00343188	-0.00879323	-0.0136557	-0.0279483	-0.00223798	0.00376515	EUR
HG01756	1730066	1730066	0.0834551	-0.126245	-0.0272163	-0.0435495	-0.000229934	-0.00854493	-0.0116423	-0.0254157	0.00474055	-0.00159239	EUR
HG01762	1728838	1728838	0.0858945	-0.13363	-0.0277123	-0.0440493	0.00113214	-0.00519064	-0.00687581	-0.0146517	0.00390756	-0.00151444	EUR
HG01765	1723828	1723828	0.0817957	-0.130492	-0.0244518	-0.0373701	-1.32187e-05	-0.0105703	-0.0142597	-0.0214223	-0.000448141	-0.00742153	EUR
HG01766	1700926	1700926	0.0765246	-0.126673	-0.0261077	-0.0385617	-0.00181422	-0.00684868	-0.0137326	-0.0238559	-0.0015554	-0.00210643	EUR
HG01767	1731810	1731810	0.081219	-0.128487	-0.0280737	-0.0412865	0.00318252	-0.0102641	-0.0115969	-0.0224454	-0.00329943	-0.00775571	EUR
HG01773	1726416	1726416	0.0842845	-0.132157	-0.0278981	-0.043749	0.000724857	-0.00618532	-0.0100025	-0.025465	-0.00205149	-0.00168196	EUR
HG01777	1711002	1711002	0.0845334	-0.129665	-0.0324297	-0.0430275	0.00195853	-0.00878386	-0.0124994	-0.0215235	-0.00363316	-0.00164915	EUR
HG01779	1727908	1727908	0.0875755	-0.132028	-0.0298149	-0.0467159	0.00187256	-0.0075234	-0.0114784	-0.0176533	8.99408e-05	-0.00460059	EUR
HG01783	1726222	1726222	0.0781937	-0.128063	-0.0275271	-0.0396721	0.000833433	-0.00838658	-0.0109355	-0.0190657	-0.00410712	-0.00219437	EUR
HG01843	1727170	1727170	0.120512	0.164171	-0.00308024	-0.0352812	-0.000561464	-0.0389848	0.00760301	0.00653465	-0.000699081	-0.00175608	EAS
HG01892	1735666	1735666	0.0870629	0.0258845	-0.103567	0.155001	0.00234541	-0.00480244	0.00423946	0.00608446	-0.00314317	-0.00345959	AMR
HG01917	1733884	1733884	0.112898	0.045313	-0.122181	0.190025	-0.00155845	-0.00286301	0.00825876	0.0137575	0.00232354	0.0147594	AMR
HG01920	1734432	1734432	0.122875	0.067572	-0.135406	0.222139	0.000311012	-0.000869019	0.0129172	0.0219277	-0.0013333	0.00964669	AMR
HG01965	1733710	1733710	0.0764274	0.00586478	-0.0875088	0.118097	0.00123485	-0.00308791	0.000970948	0.0037623	-0.0058624	0.000323024	AMR
HG01971	1735512	1735512	0.0473345	0.0115065	-0.087581	0.114377	-0.00358045	0.000328095	0.00461288	0.00481333	0.00091618	0.00313025	AMR
HG01979	1735010	1735010	0.108498	0.0148375	-0.101366	0.147825	0.00101691	-0.00924003	0.00324268	0.00830091	0.000406675	0.00741367	AMR
HG01995	1734052	1734052	0.109542	0.0197256	-0.103775	0.158866	-1.51588e-05	-0.00314524	0.00508385	0.0110268	-4.79652e-05	0.0102695	AMR
HG02025	1732236	1732236	0.121778	0.169397	-0.00852091	-0.0354694	-9.92438e-05	-0.0397583	0.0086318	0.00769026	-0.000573478	0.000917309	EAS
HG02057	1727946	1727946	0.117481	0.16537	-0.00580307	-0.0318569	0.00102408	-0.0389018	0.00875653	0.00640907	-0.000282065	0.00102216	EAS
HG02073	1729174	1729174	0.121502	0.168362	-0.0112799	-0.0381706	-0.00118473	-0.0411009	0.0100425	0.00793726	0.00270384	0.000998415	EAS
HG02081	1730364	1730364	0.123333	0.167933	-0.00729138	-0.0365779	0.000847388	-0.0409958	0.0095825	0.00991263	-0.0016957	-0.0038907	EAS
HG02085	1731542	1731542	0.120697	0.167515	-0.00336217	-0.0365173	0.00142671	-0.0398709	0.00946232	0.00479471	0.00238055	-0.000267411	EAS
HG02169	1719266	1719266	0.119863	0.17228	-0.00742564	-0.0379647	-0.000347438	-0.0560171	0.0124868	0.0157006	-0.00368001	-0.0075571	EAS
HG02215	1729324	1729324	0.0915021	-0.132456	-0.0280903	-0.0407555	-0.000312978	0.00190408	0.00448321	0.00576051	0.00324541	0.0139052	EUR
HG02219	1734154	1734154	0.0837419	-0.130903	-0.0276747	-0.0396904	-0.000163051	-0.0078165	-0.0129259	-0.023038	0.000466437	-0.0015538	EUR
HG02220	1733766	1733766	0.0863538	-0.12834	-0.0241359	-0.0410944	0.00144964	-0.0043105	-0.00497212	-0.0176783	-0.00131259	0.00092662	EUR
HG02221	1734954	1734954	0.0858064	-0.131574	-0.028804	-0.0439271	0.00122628	-0.00556554	-0.0130639	-0.024866	-0.00458918	0.00118483	EUR
HG02231	1735546	1735546	0.0893709	-0.133239	-0.0287835	-0.0377233	0.000666526	-0.00430003	-0.0112669	-0.0160353	0.000380936	0.00298254	EUR
HG02233	1734950	1734950	0.0804584	-0.127806	-0.0271749	-0.0383744	0.00378927	-0.007015	-0.011981	-0.0249252	-0.000618548	-0.00410839	EUR
HG02236	1735510	1735510	0.0856792	-0.129927	-0.027727	-0.0407123	6.81339e-05	-0.0094842	-0.00782038	-0.0193912	-0.0022896	-0.00118117	EUR
HG02274	1708956	1708956	0.0147036	0.0306104	-0.0840324	0.130377	-0.000418668	-0.00700806	0.0121349	0.00774209	0.00147199	0.00611243	AMR
HG02284	1733960	1733960	-0.224594	-0.00470102	-0.00530209	-0.00815829	-0.00587968	-0.000117407	0.0097431	-0.0050995	0.00320249	0.00767785	AFR
HG02285	1734610	1734610	0.110524	0.0346784	-0.114413	0.169957	0.00104901	-0.00587093	0.00491626	0.008583	-0.0013349	0.00674536	AMR
HG02286	1733964	1733964	0.111006	0.025236	-0.107838	0.159642	-0.000970507	-0.00201963	0.00280254	0.00656181	-0.00123673	0.00592204	AMR
HG02299	1733982	1733982	0.118201	0.0466337	-0.123332	0.187173	0.00131823	-0.00279152	0.00562172	0.0125907	0.000184634	0.00586956	AMR
HG02345	1733742	1733742	0.080117	0.00404408	-0.0691714	0.0790218	0.00119079	-0.0108807	0.00342028	0.00257102	0.00379433	-0.00422225	AMR
HG02390	1735578	1735578	0.120884	0.169844	-0.00601348	-0.039207	0.000849377	-0.0509918	0.0113537	0.0146188	0.00105852	-0.000377611	EAS
HG02554	1734726	1734726	-0.242849	0.0029956	-0.00484314	-0.00387461	-0.00444533	-0.00244025	0.0150722	-0.00959058	0.0191813	0.00196538	AFR
HG02623	1733114	1733114	-0.27899	0.0147969	-0.00304654	-2.22164e-05	-0.060641	-0.00659261	-0.0657991	0.0313603	-0.0702999	0.0119264	AFR
HG03009	1734542	1734542	0.0927419	-0.00817464	0.0821014	0.0272575	-0.00360107	-0.000373982	-0.00363019	-0.00231909	0.00199499	-0.00773029	SAS
HG03039	1732112	1732112	-0.281032	0.0158862	0.000314374	-0.00276971	-0.0580671	-0.0050748	-0.0417011	0.0179541	-0.0240742	0.00293541	AFR
HG03077	1733678	1733678	-0.285988	0.017152	-4.07934e-05	-0.000328816	-0.0398603	-0.0020064	-0.0197716	0.00880565	0.0555767	-0.00230703	AFR
HG03126	1728140	1728140	-0.289816	0.0177771	-0.0019163	-0.00168967	-0.000560671	0.00418982	0.0476851	-0.0208444	-0.0276391	-0.0213241	AFR
HG03378	1728996	1728996	-0.284319	0.0185738	0.000820111	0.00185924	-0.0381472	0.00248924	-0.0182612	0.00953894	0.0775434	0.00422967	AFR
HG03381	1731824	1731824	-0.282954	0.0177156	0.00303851	0.000537469	-0.0395493	0.000924729	-0.016579	0.013385	0.0649091	-0.00282664	AFR
HG03640	1732330	1732330	0.0883125	-0.0202294	0.0948165	0.0336549	0.00143803	0.00286951	-0.00430485	-0.00476295	-0.000698896	-0.0312823	SAS
HG03645	1734478	1734478	0.0855911	-0.0192143	0.10265	0.0363387	-0.00171386	0.000219409	0.000745874	-0.000455781	-0.000359513	-0.0145308	SAS
HG03723	1723080	1723080	0.0822252	-0.0316407	0.102699	0.0363674	-0.00219562	-0.000231409	-0.00239062	-0.00417853	-0.000729217	-0.0165708	SAS
HG03779	1734524	1734524	0.0870097	-0.0206952	0.100508	0.0338728	0.000338725	0.00329571	0.00361369	0.00468648	0.00132568	-0.0109881	SAS
HG03928	1734916	1734916	0.0900752	-0.00322045	0.0862886	0.0302503	0.000382854	-0.00205725	0.00310509	0.00642333	0.00192889	-0.0157352	SAS
HG03949	1735010	1735010	0.086401	-0.0201423	0.101353	0.0365037	-0.00134723	0.00158133	0.00258808	0.000357434	0.00124906	-0.0183349	SAS
HG04022	1735580	1735580	0.0837715	-0.0237553	0.104854	0.0406195	0.00149696	-0.00111827	-0.00070861	0.00202267	-0.00445888	-0.0163059	SAS
HG04144	1731202	1731202	0.0909043	-0.0165467	0.0846676	0.0303719	-0.00271954	0.00140613	-0.000703465	-0.000258684	-0.00393876	-0.00660809	SAS
HG04155	1732388	1732388	0.0895393	0.000353527	0.0859641	0.030023	-0.000881213	-0.00278481	0.00017086	0.000627536	0.00384971	-0.00689033	SAS
HG04214	1731310	1731310	0.0854048	-0.0342043	0.0996606	0.031936	-0.000596465	-0.00135201	-0.00442979	-0.0057895	-0.00162163	-0.0126172	SAS
HG04301	1723564	1723564	0.0916246	-0.132193	-0.0280862	-0.0427242	-0.00149567	0.000940081	0.00376887	0.00851804	0.00387154	0.00415581	EUR
HG04302	1698610	1698610	0.0735653	-0.125901	-0.0285067	-0.0393274	-0.00264886	0.00193394	0.00758858	0.00125928	0.00215937	0.00210641	EUR
HG04303	1729420	1729420	0.0936933	-0.132052	-0.0291069	-0.0374795	-2.11959e-05	0.00265867	0.00300994	0.0063487	0.000352512	0.000508475	EUR
NA06985	1734572	1734572	0.0906443	-0.131494	-0.0266733	-0.0372739	0.000160887	-0.00282212	0.00613071	0.00716443	0.00361915	0.00864975	EUR
NA06986	1731844	1731844	0.0928997	-0.134079	-0.0275718	-0.0397369	-0.0025982	-0.000288463	0.00632876	0.00722055	0.00594921	0.00944823	EUR
NA07022	1734460	1734460	0.0916034	-0.134375	-0.0325858	-0.0398536	0.000877424	0.00456369	0.00845983	0.00932597	0.00333769	0.0117166	EUR
NA07031	1735004	1735004	0.0932493	-0.131764	-0.0297605	-0.0391411	-0.00334634	0.00103683	0.0035074	0.00437661	0.00263459	0.0153041	EUR
NA07037	1734432	1734432	0.0899455	-0.13101	-0.0258517	-0.0397328	-0.00164923	0.00317393	0.00357321	0.00443526	0.000956611	0.0119463	EUR
NA07055	1734034	1734034	0.0920286	-0.129719	-0.0300546	-0.0419086	0.000739008	-0.00310239	0.00898008	0.0124811	0.00284063	1.61534e-05	EUR
NA07340	1727462	1727462	0.0939641	-0.13802	-0.0291386	-0.0424977	-0.000478443	0.00216175	0.00466217	0.00801633	-0.0015523	0.000476405	EUR
NA07345	1731228	1731228	0.0933053	-0.131654	-0.0232207	-0.0344673	-0.00138883	0.00169559	0.00909684	0.0141027	0.00181778	0.00803068	EUR
NA07346	1731998	1731998	0.0937215	-0.132492	-0.0293388	-0.0395927	-0.00179502	0.00360912	0.00846624	0.0144268	0.00229098	0.00749253	EUR
NA07347	1735920	1735920	0.0916585	-0.134555	-0.0297991	-0.0387581	-0.000574215	0.00367098	0.00207882	0.000678107	0.00429356	0.00366699	EUR
NA10830	1735144	1735144	0.0936241	-0.132615	-0.0266102	-0.0431308	-0.000880558	0.00334371	0.0097493	0.0166235	-0.000321621	0.00922254	EUR
NA11831	1728182	1728182	0.0923541	-0.131692	-0.0281664	-0.0410411	-0.000914282	0.00233211	0.00660457	0.00392812	0.00339455	0.00380432	EUR
NA11832	1735094	1735094	0.0913805	-0.133108	-0.0249484	-0.0416727	0.00089851	0.0052953	0.00254377	0.00571783	-0.00115033	0.00572899	EUR
NA11881	1732638	1732638	0.0923429	-0.130487	-0.0266597	-0.038515	-0.00185993	0.0073621	0.00884484	0.00903564	-0.000895286	0.0125752	EUR
NA11882	1727274	1727274	0.0918178	-0.131303	-0.0291885	-0.0371583	-0.00210014	0.00422572	0.00481047	0.00546559	0.00264329	0.0109817	EUR
NA11891	1727882	1727882	0.0941217	-0.130766	-0.0265756	-0.0382293	-0.00188699	0.00688795	0.00796024	0.014247	-0.000906269	0.010947	EUR
NA11892	1734630	1734630	0.0916124	-0.129694	-0.0265022	-0.0400601	-0.00201595	0.00147281	0.0061386	0.00505637	0.00235555	0.00371463	EUR
NA11893	1731924	1731924	0.0946182	-0.128415	-0.0267032	-0.0367469	-0.00103533	0.00269323	0.00625789	0.00419357	-0.000168539	0.00873465	EUR
NA11894	1735034	1735034	0.0908343	-0.13386	-0.0292003	-0.041032	0.0030282	0.00353981	0.00506069	0.00752326	0.00553904	0.0039015	EUR
NA11918	1733830	1733830	0.0943968	-0.128181	-0.0276304	-0.0368385	-0.00239461	-0.00232172	0.00429399	0.00483502	0.00138851	0.0107542	EUR
NA11919	1734484	1734484	0.0917321	-0.132632	-0.0257891	-0.0357152	0.000145454	0.00308565	0.00455966	0.00890685	0.000126851	0.00868581	EUR
NA11920	1735254	1735254	0.0932548	-0.134459	-0.0282462	-0.03988	-0.00294804	0.00415819	0.00789999	0.00792722	0.00392373	0.00030496	EUR
NA11930	1735684	1735684	0.0911903	-0.126304	-0.025473	-0.0371554	0.00129785	0.00271653	0.00790898	0.00868149	0.00138109	0.00497254	EUR
NA11933	1730928	1730928	0.0916661	-0.13083	-0.0260112	-0.0396196	-0.00144342	0.00367393	0.00214497	-0.000170853	0.00170646	0.00117591	EUR
NA11993	1729862	1729862	0.0903269	-0.132667	-0.0302673	-0.0402228	0.000910012	0.00454277	0.00524036	0.00996983	0.00207957	0.00112186	EUR
NA12003	1732690	1732690	0.0940397	-0.126168	-0.0294325	-0.0358663	-0.0006307	0.00486586	0.0106533	0.0210236	-0.000513714	0.0070048	EUR
NA12006	1735404	1735404	0.0943767	-0.133688	-0.0325867	-0.0372363	-0.00061786	0.000837051	0.00551121	0.00830825	-0.00185123	0.0073904	EUR
NA12046	1735844	1735844	0.0927586	-0.125389	-0.0266842	-0.0361403	-0.00355038	0.00608572	0.00686447	0.0156659	0.00280416	0.0106054	EUR
NA12056	1733906	1733906	0.0943891	-0.133357	-0.0332213	-0.0388716	-0.00234476	0.00165567	0.00601722	0.00793984	0.000667758	0.00898788	EUR
NA12145	1732332	1732332	0.0915779	-0.132706	-0.0284442	-0.0395768	-0.00151676	0.00193094	0.00483688	0.0102473	-0.000737663	0.00744493	EUR
NA12146	1731894	1731894	0.0914785	-0.132191	-0.0319035	-0.0387294	-0.00285258	0.00405298	0.00579426	0.00803464	0.00163538	0.00465145	EUR
NA12155	1735110	1735110	0.0938316	-0.134188	-0.0263195	-0.0365725	0.000137342	0.000233894	0.00430115	0.00588645	0.00367593	0.0160276	EUR
NA12156	1730118	1730118	0.0933909	-0.133448	-0.0312614	-0.0379188	-0.00318836	-0.00123229	0.00289647	0.00424333	0.00363443	0.00965502	EUR
NA12239	1728074	1728074	0.0924438	-0.129566	-0.0292556	-0.0367541	-0.000516281	0.00336936	0.00978385	0.0126463	0.000467375	-0.00184878	EUR
NA12249	1734010	1734010	0.0972798	-0.126591	-0.0252438	-0.0353663	-0.00288082	0.00820519	0.014462	0.020067	-0.000370637	0.00185154	EUR
NA12264	1734298	1734298	0.0926147	-0.130871	-0.0245943	-0.0361275	-0.000115779	0.00159267	0.00601983	0.0102663	0.000782802	0.0140816	EUR
NA12273	1734666	1734666	0.0890771	-0.133455	-0.0248689	-0.0388472	-0.0014897	-0.00114264	0.00304952	-2.3122e-05	0.000800321	0.00576541	EUR
NA12282	1732768	1732768	0.0907927	-0.131546	-0.0319026	-0.0388104	6.90733e-05	-0.000644237	0.0020024	0.00372081	7.97765e-05	0.00587646	EUR
NA12283	1735404	1735404	0.0901823	-0.128567	-0.0281171	-0.0391475	0.000773581	0.00055248	0.00300989	0.00124802	0.00432775	-0.000558647	EUR
NA12286	1728900	1728900	0.0925101	-0.125242	-0.0229357	-0.0355833	-0.00102168	0.00743683	0.00580733	0.00825605	-1.97351e-05	0.00476922	EUR
NA12287	1735182	1735182	0.0920591	-0.133456	-0.0264406	-0.0385282	-0.000552754	0.00119048	0.00402031	0.00445001	0.00357755	0.00993553	EUR
NA12342	1730932	1730932	0.0924328	-0.133052	-0.0277481	-0.0388291	-0.000449728	0.00021468	0.00650772	0.00650924	0.00300582	0.0102369	EUR
NA12347	1735562	1735562	0.0923339	-0.128275	-0.0265955	-0.0371566	0.00259651	0.0044642	0.00967906	0.0159373	0.00290428	0.0099147	EUR
NA12348	1734382	1734382	0.0938084	-0.127907	-0.0309394	-0.03672	-0.0010662	0.00377613	0.0063879	0.00805053	0.00192784	0.012579	EUR
NA12413	1733284	1733284	0.0925805	-0.129499	-0.0276162	-0.0380703	-0.000876167	0.000374854	0.00343506	0.00282902	-0.000184583	0.000222555	EUR
NA12414	1733870	1733870	0.0935277	-0.128538	-0.0295226	-0.0352889	-0.000676636	0.00249965	0.00595834	0.0111784	0.0021958	0.0108207	EUR
NA12489	1734780	1734780	0.093267	-0.133064	-0.0275091	-0.0419081	-0.00355448	0.00457922	0.003077	0.0059739	0.00208175	0.00967386	EUR
NA12546	1735012	1735012	0.0909614	-0.129788	-0.0253079	-0.0348738	-0.00256652	0.00142801	0.00296718	0.00522139	0.000477503	0.0122924	EUR
NA12716	1734222	1734222	0.0938132	-0.133914	-0.0302358	-0.0374652	-0.00197487	0.00223333	0.00772024	0.0129639	0.00162092	0.00969926	EUR
NA12717	1732422	1732422	0.0915495	-0.13087	-0.0291188	-0.037643	0.0022226	0.00364435	0.00517542	0.00675426	0.00196188	-0.00223808	EUR
NA12748	1733214	1733214	0.0942585	-0.128704	-0.0288005	-0.0430907	-0.000314037	0.00129683	0.00565739	0.0104206	0.00142495	0.0147814	EUR
NA12749	1733938	1733938	0.0941644	-0.132433	-0.0265028	-0.0385067	-0.000249744	-0.00143982	0.0046555	0.00714511	0.0015673	0.0103339	EUR
NA12760	1734112	1734112	0.0900975	-0.129323	-0.025527	-0.040034	-0.000184851	0.0036251	0.00151195	0.00775728	0.00331274	0.00721135	EUR
NA12761	1735398	1735398	0.0936591	-0.131941	-0.0327621	-0.0400525	-0.00313499	0.00173315	0.00700825	0.00564316	-0.00223856	0.00876036	EUR
NA12814	1735260	1735260	0.0916929	-0.133555	-0.0296859	-0.0391114	-0.000756351	0.00175163	0.00616553	0.0129513	0.000252804	0.0146073	EUR
NA12815	1734102	1734102	0.0939751	-0.129951	-0.0249228	-0.0366248	-0.00290227	0.00233151	0.00507691	0.00910865	0.00127569	0.0115766	EUR
NA12828	1732946	1732946	0.0929098	-0.129844	-0.0280705	-0.0395136	0.000192159	7.22886e-06	0.00422201	0.00431308	-0.000647885	0.00711048	EUR
NA12829	1731092	1731092	0.0915678	-0.133394	-0.0286292	-0.0401715	0.000961773	0.000544256	0.00296042	0.00568103	0.000774145	0.00869438	EUR
NA12843	1732238	1732238	0.0953588	-0.12888	-0.0266029	-0.0379321	-0.0016082	0.00333576	0.00725822	0.0112486	0.00199295	0.00267369	EUR
NA12873	1733056	1733056	0.0946105	-0.130578	-0.0270631	-0.0385153	-0.00309302	-1.48273e-05	0.00524308	0.0108054	0.00288146	0.00376737	EUR
NA12874	1735414	1735414	0.0908271	-0.131915	-0.026765	-0.0393345	0.00100246	0.00149547	0.00515808	0.00590152	0.00536966	0.000765061	EUR
NA12890	1733970	1733970	0.0932808	-0.129972	-0.0286154	-0.036618	-0.00353495	0.00162415	0.00563411	0.00968368	0.0020135	0.00596601	EUR
NA18548	1734776	1734776	0.123207	0.168819	-0.0182198	-0.0295867	0.00145868	0.0303066	-0.00780811	-0.00809489	0.00103682	0.00584268	EAS
NA18552	1734544	1734544	0.125003	0.172767	-0.0187416	-0.0299587	-0.00114581	0.0104467	-0.00194013	-0.00210016	0.00134045	0.00225503	EAS
NA18878	1734752	1734752	-0.28514	0.0161052	-0.000479998	-0.00179798	-0.00973486	0.0048986	0.0308379	-0.014527	0.0136444	0.00433306	AFR
NA18923	1731924	1731924	-0.28625	0.0179964	-0.00161313	-0.000952645	-0.00478849	0.00665751	0.0353985	-0.0209426	-0.00391593	0.00973703	AFR
NA18924	1729938	1729938	-0.283838	0.0193212	-0.00144153	-0.000137459	-0.00138831	0.00453347	0.0336766	-0.0202728	-0.0074015	0.00463123	AFR
NA18946	1730614	1730614	0.11995	0.166339	-0.0193413	-0.0223543	0.00345844	0.0706331	-0.0182357	-0.0193732	0.0037292	-0.000476103	EAS
NA18952	1734398	1734398	0.122889	0.167497	-0.0193007	-0.0212875	0.00141692	0.0644949	-0.0181792	-0.0228484	0.00166257	-0.00368605	EAS
NA18988	1725268	1725268	0.118681	0.167287	-0.014236	-0.0191757	0.0016081	0.0710972	-0.0161835	-0.0217729	0.000515247	-0.00224225	EAS
NA19035	1728548	1728548	-0.260941	0.0119605	0.00142055	-0.00036929	0.0822993	0.000869435	-0.0264145	0.0153168	-0.00812575	-0.00876439	AFR
NA19057	1734920	1734920	0.12307	0.164724	-0.0128209	-0.022698	-0.000168381	0.0676672	-0.0161223	-0.0154176	-0.000873913	0.00146319	EAS
NA19198	1729440	1729440	-0.289055	0.0181771	-0.00194102	-0.00184353	0.00219139	0.00341752	0.0378376	-0.0189654	-0.00185181	0.0155808	AFR
NA19319	1728382	1728382	-0.259482	0.0136031	-0.00177155	-0.00254236	0.0802262	-0.00222294	-0.0318811	0.0191308	-0.00384334	-0.0016202	AFR
NA19448	1733388	1733388	-0.256905	0.0124745	0.00232605	-0.00276081	0.0893149	0.00160962	-0.0384741	0.0219318	-0.00599547	0.00200646	AFR
NA19456	1721178	1721178	-0.262124	0.0166847	0.0019421	9.6826e-05	0.0810182	-0.00485489	-0.0287592	0.0218515	0.00630964	0.00181404	AFR
NA19466	1728230	1728230	-0.254628	0.0121851	0.00196124	-0.00249817	0.085479	-0.00294159	-0.0343003	0.0222529	-0.00231141	-0.0143167	AFR
NA19469	1732710	1732710	-0.258949	0.0136575	0.00466114	-0.00187907	0.0809746	-0.0022665	-0.0346871	0.0175387	0.00568181	0.00100028	AFR
NA19474	1725844	1725844	-0.255327	0.0115748	0.0043905	-0.00290561	0.0780107	-0.00262947	-0.0291513	0.0203124	0.0026746	0.00268391	AFR
NA19655	1717154	1717154	0.0774896	-0.0586809	-0.0542469	0.0396701	0.00125494	-0.00660583	-0.00603607	-0.0151596	-0.00164647	-0.00312328	AMR
NA19662	1733348	1733348	0.0906326	-0.0271276	-0.0709855	0.0746883	0.000494696	-0.00169689	-0.00303128	-0.0061873	-0.00102324	-0.00530756	AMR
NA19664	1732832	1732832	0.0853717	-0.00862477	-0.0756839	0.0882416	-0.000291241	-0.00117665	-0.00291336	-0.00086314	-1.12542e-05	-0.00587054	AMR
NA19700	1733842	1733842	-0.212203	-0.00783699	-0.00772748	-0.00752494	-0.00165812	0.00313184	0.0107584	0.00272684	0.00679787	0.00983324	AFR
NA19729	1732720	1732720	0.115008	0.0585866	-0.117745	0.180416	0.000692724	-5.30169e-05	0.00519262	0.0100429	-0.00145313	-0.00375019	AMR
NA19737	1732242	1732242	0.0844747	-0.0401959	-0.0562429	0.0451777	0.00163538	-0.00572809	-0.0075347	-0.0128039	0.00147526	-0.000342316	AMR
NA19783	1725448	1725448	0.10748	0.0215882	-0.100231	0.139859	-0.00140906	-0.00239631	0.000245539	0.000113853	8.93751e-05	0.00152719	AMR
NA19900	1735076	1735076	-0.216226	-0.00587918	-0.00263045	-0.00801536	-0.00285873	0.000719758	0.00472812	0.00288947	0.00163896	0.0101116	AFR
NA19901	1733794	1733794	-0.245652	0.00563864	-0.0042348	0.000844533	-0.00258856	0.00214653	-0.00131971	-0.00216503	0.00437763	0.00376791	AFR
NA20340	1734962	1734962	-0.221349	-0.00110006	-0.0062048	-0.00624887	-0.00122512	0.00167023	0.0173015	-0.00651112	0.00637986	0.00854744	AFR
NA20503	1729708	1729708	0.088161	-0.129919	-0.0218297	-0.0408233	0.00501794	-0.00685025	-0.0138036	-0.0280432	0.00334691	-0.00435476	EUR
NA20504	1734480	1734480	0.0879414	-0.125397	-0.0200295	-0.0376067	0.0028955	-0.0123246	-0.015605	-0.0275719	0.00042692	0.00792358	EUR
NA20506	1729042	1729042	0.0880954	-0.126005	-0.0188726	-0.0380874	0.00617381	-0.00923582	-0.0157858	-0.0273795	0.000566154	0.0119037	EUR
NA20508	1735244	1735244	0.0864884	-0.127845	-0.0185496	-0.0361292	0.00319449	-0.00762	-0.0155723	-0.0255338	0.000528517	0.00534717	EUR
NA20510	1734308	1734308	0.0856074	-0.127418	-0.020906	-0.0370243	0.00238167	-0.00989291	-0.0148831	-0.0264484	-0.00219493	0.000263253	EUR
NA20512	1733992	1733992	0.0879059	-0.126892	-0.0210337	-0.0403411	0.000250596	-0.0117076	-0.0146673	-0.0308962	0.00237891	-0.000696313	EUR
NA20513	1730182	1730182	0.0858093	-0.125244	-0.0200204	-0.0394025	0.00215405	-0.0113628	-0.0167966	-0.0318885	0.0013123	0.0129569	EUR
NA20515	1732154	1732154	0.0878485	-0.128898	-0.020102	-0.0365623	0.00293596	-0.00970423	-0.0143536	-0.0265767	-0.00276119	0.0046243	EUR
NA20520	1724312	1724312	0.0850754	-0.125532	-0.020377	-0.0436527	0.00378921	-0.0116879	-0.0129714	-0.0278243	0.00335394	0.00279006	EUR
NA20521	1732896	1732896	0.084935	-0.132832	-0.0191389	-0.040145	0.00242225	-0.00930315	-0.0164605	-0.0322275	0.000346894	0.000375205	EUR
NA20522	1731304	1731304	0.0874441	-0.127769	-0.022532	-0.034875	0.00165111	-0.0119776	-0.0146439	-0.0300612	0.000255345	-0.00789543	EUR
NA20524	1734314	1734314	0.0879862	-0.127326	-0.0220505	-0.0412527	0.000542725	-0.00966099	-0.0124221	-0.0220528	-0.00216516	-0.000292994	EUR
NA20527	1734916	1734916	0.0886233	-0.128028	-0.0232097	-0.0368791	0.00401978	-0.0106245	-0.0132082	-0.0269314	-0.000661705	0.00357201	EUR
NA20528	1733984	1733984	0.0859556	-0.124678	-0.0188869	-0.0412941	0.00293459	-0.0118265	-0.0134747	-0.0321945	0.00289961	0.00974188	EUR
NA20529	1731678	1731678	0.0840658	-0.128209	-0.0224936	-0.0416325	0.00429658	-0.0117268	-0.017547	-0.029505	0.00192616	0.000574355	EUR
NA20532	1733794	1733794	0.0863827	-0.12707	-0.019725	-0.0395688	0.00414822	-0.0145947	-0.0162636	-0.0310178	0.00148579	-0.000472095	EUR
NA20538	1735044	1735044	0.0839503	-0.128321	-0.0222024	-0.038706	0.00276503	-0.0114623	-0.0189971	-0.0350999	-0.00160486	-0.00389226	EUR
NA20539	1734658	1734658	0.0852211	-0.12971	-0.0210185	-0.0370133	0.00220612	-0.0119418	-0.0192315	-0.0313711	0.0012602	0.00308876	EUR
NA20542	1732902	1732902	0.0872491	-0.124049	-0.0216822	-0.0419845	0.00194451	-0.009482	-0.0113525	-0.0231771	-0.00141579	0.0023044	EUR
NA20543	1734906	1734906	0.0850032	-0.130008	-0.0228461	-0.0394011	0.00386525	-0.01163	-0.0169546	-0.0276045	-0.00428661	0.00146328	EUR
NA20582	1732828	1732828	0.0858955	-0.130546	-0.0226925	-0.0403748	0.00178135	-0.00966409	-0.0150801	-0.0248022	-0.00271884	0.00461116	EUR
NA20585	1735040	1735040	0.0868893	-0.127051	-0.0241752	-0.0409453	0.00181687	-0.00968827	-0.0113426	-0.0287368	-0.000520278	0.0036046	EUR
NA20586	1731358	1731358	0.0851043	-0.131963	-0.0225708	-0.0404315	0.00458612	-0.0124454	-0.0153581	-0.0300071	-0.00145743	-0.00189315	EUR
NA20589	1732722	1732722	0.0851912	-0.127458	-0.0206764	-0.0400994	0.0048783	-0.0101308	-0.0171971	-0.0293344	0.000607928	0.00287822	EUR
NA20752	1731666	1731666	0.0862205	-0.128551	-0.0172767	-0.0381429	0.00315223	-0.00990042	-0.0187144	-0.0309489	-0.00250094	-0.0037333	EUR
NA20753	1732230	1732230	0.0844058	-0.126307	-0.0202739	-0.0413677	0.00503737	-0.0111458	-0.0157177	-0.0268776	-0.00249515	0.000717574	EUR
NA20754	1734802	1734802	0.0852118	-0.126428	-0.023816	-0.0376391	0.00216971	-0.0111771	-0.0157657	-0.0270863	0.00162922	0.00214869	EUR
NA20756	1726750	1726750	0.0855177	-0.125807	-0.0204519	-0.0410466	0.0024432	-0.01135	-0.0123594	-0.0271177	-0.00202686	-0.000944956	EUR
NA20758	1718488	1718488	0.0846373	-0.128416	-0.0165537	-0.0383977	0.00179725	-0.00913505	-0.0125487	-0.0276149	-0.000969275	0.00239858	EUR
NA20759	1723952	1723952	0.0863406	-0.129647	-0.0209674	-0.0390825	0.00159086	-0.0140084	-0.0156933	-0.0302123	-0.00237335	-0.00138597	EUR
NA20762	1734778	1734778	0.0845387	-0.130746	-0.0177084	-0.0412742	0.00259721	-0.0146203	-0.0174741	-0.0273566	0.000807886	-0.00132742	EUR
NA20763	1732976	1732976	0.0883994	-0.12899	-0.021146	-0.0412096	0.00136868	-0.01163	-0.0147817	-0.0246468	-0.000512968	-0.00136823	EUR
NA20765	1734196	1734196	0.0851944	-0.130595	-0.0176951	-0.0422546	0.00162284	-0.00807146	-0.0157105	-0.031809	0.00143213	-0.00193763	EUR
NA20766	1730702	1730702	0.0839179	-0.129117	-0.0172621	-0.0347684	0.00107251	-0.00943594	-0.0122567	-0.0249171	0.00148342	0.00271992	EUR
NA20767	1735916	1735916	0.0850474	-0.126822	-0.0221011	-0.0408946	0.00201277	-0.0134877	-0.0123929	-0.0281157	0.00223734	0.000579413	EUR
NA20770	1734938	1734938	0.0865681	-0.127028	-0.0199842	-0.0363101	0.00238444	-0.0163079	-0.0170004	-0.0283823	0.0032333	0.00437944	EUR
NA20771	1734612	1734612	0.0860556	-0.132742	-0.018999	-0.0383619	0.00332866	-0.00801011	-0.0168129	-0.0288001	-0.000238176	0.00539442	EUR
NA20772	1734230	1734230	0.0860226	-0.128631	-0.0213925	-0.0398173	0.00266612	-0.00748291	-0.0160798	-0.030818	-0.00153556	-0.00261863	EUR
NA20773	1731978	1731978	0.0879376	-0.127644	-0.0173297	-0.0397383	0.000139482	-0.0102834	-0.0110687	-0.0243954	-0.00096139	0.00706162	EUR
NA20778	1733798	1733798	0.0872147	-0.130203	-0.0218131	-0.0405926	-0.000594968	-0.00573968	-0.011838	-0.0243048	-0.000854239	3.82771e-05	EUR
NA20783	1728224	1728224	0.0848135	-0.128162	-0.0213814	-0.0387282	0.00571742	-0.00887294	-0.0162287	-0.0314687	0.00118276	0.00744941	EUR
NA20785	1728290	1728290	0.0862329	-0.125366	-0.0214905	-0.0384092	0.00359144	-0.0109088	-0.0132569	-0.0242702	0.00261975	-0.00566116	EUR
NA20786	1729926	1729926	0.0860126	-0.127558	-0.0203221	-0.0353246	0.00269256	-0.0110789	-0.0169984	-0.0323277	-0.00206486	-0.00165169	EUR
NA20795	1733250	1733250	0.0849539	-0.12915	-0.0230668	-0.0392482	0.00345721	-0.0143941	-0.0173665	-0.030554	0.00198952	0.00543176	EUR
NA20796	1719574	1719574	0.0841151	-0.129494	-0.0217836	-0.0376969	0.00396377	-0.0137116	-0.0142797	-0.0278099	0.00247278	0.00563232	EUR
NA20797	1727168	1727168	0.0841644	-0.127617	-0.0189857	-0.0389682	0.00265368	-0.0126404	-0.0153756	-0.0297739	-0.00133592	0.00351062	EUR
NA20798	1731624	1731624	0.08699	-0.12726	-0.0195139	-0.0382142	0.00178853	-0.00813885	-0.0120677	-0.0301359	-0.00138108	0.00568404	EUR
NA20799	1732476	1732476	0.0870762	-0.13099	-0.0216688	-0.041369	0.0028776	-0.0155718	-0.0157124	-0.0342139	0.00115809	0.00754132	EUR
NA20800	1706306	1706306	0.0820207	-0.129279	-0.0226496	-0.0375636	0.00111759	-0.0121503	-0.0144067	-0.0322761	-0.00539659	-0.00223644	EUR
NA20802	1726500	1726500	0.0846865	-0.129111	-0.0238809	-0.0431456	0.00230046	-0.0122972	-0.0129021	-0.0334283	0.00184713	-0.00157225	EUR
NA20804	1731304	1731304	0.0846968	-0.127113	-0.0214935	-0.0403611	0.0020337	-0.00866668	-0.0153654	-0.0266531	-0.00165088	0.000422127	EUR
NA20805	1730488	1730488	0.0865127	-0.130755	-0.0218411	-0.0401894	0.0019216	-0.0134437	-0.0145913	-0.0306828	-0.000789416	-0.00203404	EUR
NA20807	1729470	1729470	0.0865717	-0.129082	-0.0196305	-0.0419682	0.000217541	-0.0112636	-0.0140513	-0.0244517	0.00289378	0.00362613	EUR
NA20809	1727552	1727552	0.0861883	-0.128479	-0.0180064	-0.0430362	0.00187686	-0.00921649	-0.0154094	-0.0249643	0.000840743	0.00292456	EUR
NA20814	1718502	1718502	0.0827507	-0.125805	-0.0202394	-0.0396423	0.00220584	-0.0110079	-0.0142391	-0.0310305	-0.00274722	0.00125036	EUR
NA20815	1733774	1733774	0.0841365	-0.130547	-0.0229462	-0.0414866	0.00066231	-0.0151949	-0.0136871	-0.0253499	-0.000523311	-0.000484957	EUR
NA20819	1731228	1731228	0.0887833	-0.12217	-0.0187999	-0.0368278	0.00254248	-0.010308	-0.0117661	-0.0216812	-0.00155363	0.00157103	EUR
NA20821	1735378	1735378	0.0852726	-0.124669	-0.0192665	-0.0334856	0.00148842	-0.012028	-0.014171	-0.0246676	-0.00219941	0.00802024	EUR
NA20832	1733594	1733594	0.0848556	-0.130644	-0.0214142	-0.0384817	0.00193316	-0.0131196	-0.0156665	-0.0307184	0.000249784	-0.00332518	EUR
NA20870	1725876	1725876	0.0867207	-0.0618441	0.0587643	0.0149022	0.000457965	0.000287331	-0.00215442	-0.00281595	-0.00339489	0.00200849	SAS
NA20904	1734296	1734296	0.0899245	-0.0593866	0.0617129	0.0218505	-7.24368e-06	-0.00259773	0.00163723	-0.000762227	-0.000377654	0.00911211	SAS
NA21123	1735262	1735262	0.0856219	-0.0337618	0.0999926	0.0378097	0.00149837	0.00327219	0.00162892	0.000415033	0.00394021	0.0656867	SAS
HG00126	1732968	1732968	0.0950196	-0.133957	-0.0328614	-0.0393505	-0.000741488	-0.00622995	-0.00531529	0.00545274	-0.00172804	0.00461554	EUR
HG00131	1733524	1733524	0.0934702	-0.130749	-0.029903	-0.0390058	4.119e-05	0.000191784	-0.00386483	0.0106362	-0.00169652	0.00866829	EUR
HG00145	1729456	1729456	0.0947682	-0.128766	-0.0283103	-0.038224	-0.00110817	0.00132785	-0.00109703	0.00518418	-0.00152961	0.00939652	EUR
HG00150	1732096	1732096	0.0956911	-0.128884	-0.0326869	-0.0393123	0.00200784	-0.000952997	-0.00472351	0.00726281	-0.00316648	0.00364245	EUR
HG00151	1732032	1732032	0.0950608	-0.127176	-0.0322755	-0.0363037	-0.000402324	-0.000438107	-0.00379288	0.0127683	0.000313542	0.00332801	EUR
HG00152	1735990	1735990	0.0941273	-0.132889	-0.028985	-0.0346129	-0.00208812	-0.00263292	-0.00329496	0.00318799	-0.00401338	0.00587959	EUR
HG00181	1733038	1733038	0.0927016	-0.111327	-0.0294633	-0.0360029	-0.00334238	-0.0124684	-0.0157651	0.046676	0.00412301	-0.00533226	EUR
HG00189	1734576	1734576	0.0988403	-0.106385	-0.0348649	-0.0336452	-0.00278216	-0.0139572	-0.0252258	0.06553	0.00440584	-0.00860463	EUR
HG00190	1734754	1734754	0.097568	-0.115775	-0.0329687	-0.0354083	-0.00138796	-0.00919753	-0.0206317	0.0572431	0.00225813	-0.000627816	EUR
HG00238	1734574	1734574	0.0945535	-0.127472	-0.0288313	-0.0373303	-0.000148156	0.000435131	-0.00318091	0.00259384	-0.00250173	0.00925181	EUR
HG00242	1734412	1734412	0.0944733	-0.128581	-0.0332704	-0.0364045	0.00120887	-0.000669881	-0.0025166	0.00346325	-0.000868314	0.00635645	EUR
HG00249	1735596	1735596	0.0963232	-0.128604	-0.0336627	-0.0381735	-0.00355161	0.00248058	-0.00546711	0.0102756	-0.00552352	0.00817695	EUR
HG00252	1735738	1735738	0.0948495	-0.130734	-0.0325318	-0.0411696	-0.00113939	-0.000128311	-0.00543001	0.00694341	9.01113e-05	0.00717435	EUR
HG00257	1732766	1732766	0.0929881	-0.129513	-0.0320597	-0.0368221	-0.00170241	-0.00223743	-0.00531152	0.00897955	-0.000557867	0.00663794	EUR
HG00259	1732018	1732018	0.0945451	-0.131845	-0.0291376	-0.0401922	0.00168498	-0.00232362	-0.00264569	0.00417927	-0.00470629	0.00549883	EUR
HG00260	1734488	1734488	0.0949953	-0.132386	-0.0340392	-0.0375814	-0.000250008	0.00139866	-0.00405597	0.0128264	0.00147986	0.00357329	EUR
HG00262	1730162	1730162	0.0964315	-0.130567	-0.0295884	-0.0381277	0.000614778	0.0032188	-0.00790857	0.0100808	-0.00113483	0.00742933	EUR
HG00265	1735910	1735910	0.0965994	-0.13552	-0.0331771	-0.0383847	-0.00157613	0.00124072	-0.00496691	0.00761219	-0.00143174	0.0145767	EUR
HG00281	1730898	1730898	0.101434	-0.109339	-0.0357544	-0.0329986	-0.00301913	-0.0137252	-0.0278431	0.0738325	0.00349141	-0.00718104	EUR
HG00302	1730260	1730260	0.0999236	-0.109717	-0.0291026	-0.0358043	-0.00271999	-0.0122855	-0.0269956	0.0735896	0.00370611	-0.0056367	EUR
HG00304	1727900	1727900	0.0973618	-0.11253	-0.0316047	-0.0331878	-0.00401439	-0.0193722	-0.0305945	0.0861859	0.00521715	-0.0154727	EUR
HG00309	1735294	1735294	0.0983915	-0.10827	-0.0367605	-0.034737	-0.00285305	-0.0175506	-0.0257494	0.0728235	0.00418734	-0.00606919	EUR
HG00311	1733388	1733388	0.0991803	-0.117658	-0.0360212	-0.0363492	-0.00376735	-0.00774937	-0.0194276	0.0527437	0.0035089	-0.00459538	EUR
HG00315	1734506	1734506	0.0992179	-0.110308	-0.0358485	-0.0327181	-0.00336725	-0.01469	-0.0257486	0.0732506	0.00541696	-0.00922438	EUR
HG00320	1735442	1735442	0.0990465	-0.112709	-0.0347492	-0.0350049	-0.000815186	-0.0111773	-0.0230504	0.0669439	0.000802831	-0.00671665	EUR
HG00324	1733210	1733210	0.0979017	-0.10948	-0.0366595	-0.032945	-0.0045253	-0.0198704	-0.0322985	0.0898353	0.005459	-0.00746893	EUR
HG00325	1735256	1735256	0.102627	-0.103944	-0.0355486	-0.0324401	-0.00469021	-0.0180344	-0.0347092	0.0910661	0.00655347	-0.0102072	EUR
HG00329	1732478	1732478	0.0991894	-0.116076	-0.0324118	-0.0355392	-0.00252446	-0.0163527	-0.0239983	0.0637896	0.0061684	-0.0109864	EUR
HG00339	1735606	1735606	0.100339	-0.107996	-0.0314161	-0.0343378	-0.00370459	-0.0152489	-0.0269918	0.0689519	0.00272689	-0.00245512	EUR
HG00341	1732104	1732104	0.092598	-0.112788	-0.027726	-0.0331813	-0.0012145	-0.0101724	-0.0157611	0.0474093	0.0025083	-0.00744947	EUR
HG00346	1731616	1731616	0.0987106	-0.114054	-0.0369758	-0.0321721	-0.00172781	-0.0140787	-0.0222175	0.0626012	0.00279665	-0.00538802	EUR
HG00349	1721610	1721610	0.0972955	-0.108338	-0.0314776	-0.0365333	-0.00134284	-0.0161689	-0.0304278	0.0763056	0.00165203	-0.00616829	EUR
HG00360	1732050	1732050	0.0974705	-0.114603	-0.0315113	-0.036245	-0.00406281	-0.0149525	-0.0262461	0.0684373	0.00163387	-0.00539421	EUR
HG00362	1734958	1734958	0.0980856	-0.109517	-0.0325714	-0.0338059	-0.00163869	-0.0134569	-0.0255552	0.0723401	0.00244202	-0.00321442	EUR
HG00365	1726768	1726768	0.097594	-0.10737	-0.0338965	-0.0317352	-0.00291386	-0.0188109	-0.0298596	0.0843746	0.00359668	-0.0100033	EUR
HG00367	1734604	1734604	0.101181	-0.107433	-0.0371101	-0.0354735	-0.001637	-0.0130269	-0.0236306	0.0655975	0.00272873	-0.00432841	EUR
HG00372	1735900	1735900	0.103694	-0.113484	-0.0334259	-0.0346269	-0.00165304	-0.020157	-0.0271584	0.0696417	0.0010409	-0.00878256	EUR
HG00373	1734330	1734330	0.100997	-0.10453	-0.0332807	-0.0305477	-0.00413379	-0.0173177	-0.0290136	0.0825739	0.00173595	-0.0100206	EUR
HG00376	1735666	1735666	0.0999212	-0.117617	-0.0341587	-0.0360929	-0.00249092	-0.0173303	-0.0225332	0.0654101	0.00387402	-0.00760394	EUR
HG00448	1734400	1734400	0.12196	0.172401	-0.0174368	-0.0311138	0.000550979	0.00764808	0.00066866	-0.000859963	0.000450362	0.00304167	EAS
HG00551	1731184	1731184	0.0631015	-0.0898067	-0.0434493	-0.0014273	-0.000189446	0.00340465	0.0132218	-0.0258083	0.00263995	-0.0049643	AMR
HG00557	1735296	1735296	0.123182	0.175759	-0.0203024	-0.0333919	0.000113685	0.000603812	0.00261134	-0.00333787	-0.00145956	8.37634e-06	EAS
HG00614	1735534	1735534	0.122896	0.173765	-0.0138938	-0.0359356	0.00239284	-0.00164453	0.000456508	0.00253534	-0.000583847	0.0031179	EAS
HG00742	1727716	1727716	0.0678294	-0.112928	-0.0364592	-0.0224883	-0.00202608	0.00382759	0.00890448	-0.0318935	0.00373858	-0.00832909	AMR
HG01112	1732798	1732798	0.0834223	-0.115166	-0.037195	-0.0212705	0.0030871	0.00218298	0.0108092	-0.0237722	0.000603536	-0.00355694	AMR
HG01134	1732598	1732598	0.0511798	-0.0660581	-0.0490313	0.0234679	-0.00163658	0.00664238	0.00959896	-0.0167889	0.00391845	-0.00700692	AMR
HG01137	1735698	1735698	0.0920554	-0.0567452	-0.0623028	0.0492191	0.00112088	0.00538319	0.0070888	-0.0198328	-0.000256746	-0.0138127	AMR
HG01200	1726480	1726480	0.074761	-0.103619	-0.0346078	-0.0149419	-0.00117634	-0.000951255	0.01209	-0.0318775	-0.00206373	-0.00519806	AMR
HG01242	1734082	1734082	-0.0962081	-0.0429829	-0.0167183	-0.00231716	0.00661427	0.00325054	0.00484625	-0.00931246	-0.0119755	0.00397476	AMR
HG01250	1731216	1731216	0.0702796	-0.0511194	-0.059523	0.04523	5.94714e-05	0.00239064	0.0083165	-0.0146965	0.00285151	-0.0112617	AMR
HG01275	1735062	1735062	0.0886997	-0.120203	-0.037243	-0.0284647	0.00230148	0.000100427	0.00873448	-0.0265696	0.00152758	-0.00166406	AMR
HG01280	1728298	1728298	0.0898985	-0.0731705	-0.0613731	0.0305532	-0.000967135	0.00625209	0.012378	-0.0265406	0.000217176	-0.0106317	AMR
HG01390	1734570	1734570	-0.00447316	-0.0286051	-0.0525241	0.0440837	0.0052746	0.00248507	0.00392957	-0.0113129	0.00128476	-0.00465787	AMR
HG01431	1713736	1713736	0.0575261	-0.0590801	-0.0541623	0.0364102	-0.00282539	0.00221527	0.0088404	-0.0188894	0.00209157	-0.00945378	AMR
HG01461	1735858	1735858	0.0357477	-0.0267639	-0.0608922	0.0645076	0.00128014	0.00418207	0.00617624	-0.011885	-0.000724655	-0.00413408	AMR
HG01480	1731868	1731868	0.0637465	-0.0646848	-0.0541974	0.0291266	-0.0018954	0.00567853	0.00945754	-0.0264389	0.00289341	-0.00642759	AMR
HG01509	1731018	1731018	0.0802949	-0.129985	-0.0297918	-0.0428409	-0.00331263	0.00653562	0.0113596	-0.022853	0.00180797	-0.000513179	EUR
HG01510	1720424	1720424	0.0844438	-0.129504	-0.0314422	-0.0391681	-0.000100344	0.00389567	0.0129043	-0.026756	0.00131466	-0.00505806	EUR
HG01515	1728204	1728204	0.091786	-0.131325	-0.0345458	-0.0456854	0.000713517	0.00307217	0.00637789	-0.020625	0.00100381	-0.0102538	EUR
HG01519	1735116	1735116	0.0915135	-0.136946	-0.0358016	-0.0425567	-7.25861e-05	0.00250138	0.00716022	-0.0238772	-0.000851121	-0.000873089	EUR
HG01612	1733234	1733234	0.080205	-0.12803	-0.030162	-0.044823	-0.000659867	0.00372587	0.0113257	-0.0186033	0.000830934	0.00167891	EUR
HG01617	1719332	1719332	0.0839212	-0.124204	-0.0313278	-0.0432507	0.000411035	0.00169015	0.00924989	-0.0286859	0.000373666	0.00170789	EUR
HG01625	1734974	1734974	0.0863843	-0.129985	-0.0341394	-0.0447026	0.000507312	0.00115864	0.005671	-0.0246008	-0.00261091	0.00395095	EUR
HG01628	1733510	1733510	0.0656485	-0.127304	-0.0289062	-0.0385549	-0.00112059	0.00737728	0.0152708	-0.0315729	0.0050012	-0.00719079	EUR
HG01630	1733590	1733590	0.0735586	-0.124938	-0.0284312	-0.0414137	0.00106064	0.00453033	0.0135951	-0.0364513	0.000298024	0.000762079	EUR
HG01673	1733564	1733564	0.0872401	-0.131146	-0.0324542	-0.0430748	1.16808e-05	0.00635535	0.00796498	-0.0301502	-0.00087007	0.00207233	EUR
HG01679	1734370	1734370	0.085935	-0.131226	-0.0336707	-0.042	0.000700988	0.00771729	0.0115659	-0.0247775	6.31905e-05	-0.00188156	EUR
HG01680	1734724	1734724	0.0857739	-0.129421	-0.0342509	-0.0400353	-0.000275887	0.00467762	0.0105286	-0.0229396	-0.000838641	0.00514616	EUR
HG01695	1714684	1714684	0.0710189	-0.121714	-0.0314001	-0.0418907	0.00285835	0.00536724	0.0143617	-0.0311592	0.00307979	-0.00525402	EUR
HG01705	1734784	1734784	0.0805903	-0.126746	-0.0343887	-0.0451779	-0.000208512	0.00228411	0.0109156	-0.0247916	0.00132173	-0.00256567	EUR
HG01709	1732558	1732558	0.083175	-0.127609	-0.0310162	-0.0408984	-0.000409749	0.00562586	0.00829883	-0.0207213	0.00421264	-0.00383836	EUR
HG01761	1731420	1731420	0.0848248	-0.133459	-0.0338447	-0.0422399	0.00052872	0.00493827	0.00884759	-0.0289143	0.000215063	-0.00175405	EUR
HG01770	1730892	1730892	0.0857122	-0.128219	-0.0345129	-0.0414361	-0.000279282	0.00507324	0.0120428	-0.0252625	0.00326878	2.82735e-05	EUR
HG01771	1733264	1733264	0.0884977	-0.134043	-0.0337148	-0.0409006	-0.000212405	0.00230724	0.00803299	-0.0223338	0.00336583	-0.000773078	EUR
HG01776	1733806	1733806	0.0916377	-0.127935	-0.030438	-0.0384013	-0.00216827	0.0034668	0.00785817	-0.0253801	-0.000689276	0.00396576	EUR
HG01785	1725976	1725976	0.0902639	-0.132734	-0.0307118	-0.0431255	-0.0028182	0.00305026	0.00492567	-0.0159082	0.000407196	-0.00431421	EUR
HG01786	1734474	1734474	0.0899437	-0.131783	-0.0326029	-0.0419201	0.000744826	0.00208939	0.00759874	-0.0227768	-0.00189228	-0.00311248	EUR
HG01790	1725602	1725602	0.094377	-0.129147	-0.0300999	-0.0374127	-0.000301266	-0.000638731	-0.00543697	0.00705845	-0.00223317	0.0029857	EUR
HG01817	1732220	1732220	0.118886	0.17064	-0.00928296	-0.0410915	-0.00124164	0.0540767	-0.0045542	0.00562493	-9.4183e-05	-0.00473391	EAS
HG01947	1734780	1734780	0.0994939	0.00307688	-0.0893812	0.121003	0.000226934	0.00206238	0.00018022	-0.00553472	0.00176523	0.00235495	AMR
HG01983	1729426	1729426	0.111631	0.0117341	-0.0999379	0.147146	0.000221468	0.00547494	0.0016877	0.00381639	0.000539665	0.00444605	AMR
HG01992	1728008	1728008	0.121209	0.0573842	-0.119483	0.2023	0.000851834	0.00407622	-0.00615936	0.0174257	0.00221064	0.00608398	AMR
HG02104	1722956	1722956	0.117256	0.0572507	-0.121794	0.201067	-0.000203394	0.0105808	-0.0054632	0.00993522	-0.00119146	0.00659644	AMR
HG02224	1722106	1722106	0.0880945	-0.130586	-0.0323625	-0.0385408	-0.000160446	0.00575253	0.00476605	-0.0166577	-0.00121503	-0.00733672	EUR
HG02232	1734486	1734486	0.0840777	-0.131394	-0.0349363	-0.043166	0.00178014	0.005458	0.0106728	-0.0266524	0.00329866	-0.00418456	EUR
HG02262	1732320	1732320	0.113239	0.0326704	-0.111194	0.169279	-0.00107898	0.0120691	-0.00300876	0.00337693	0.00244809	-0.00427734	AMR
HG02277	1733230	1733230	0.112907	0.0118842	-0.094313	0.138313	0.00267284	0.0070817	-0.00198728	0.000790418	0.00241418	0.00597606	AMR
HG02312	1725990	1725990	0.107596	-0.00175296	-0.0893735	0.126197	-0.000218918	0.00179853	0.000434399	-0.000358609	0.000785075	-0.0023959	AMR
HG02373	1732006	1732006	0.120265	0.172522	-0.00896486	-0.0375513	-0.00140873	0.0554443	-0.00356534	0.00551479	-0.000783287	0.00251938	EAS
HG02419	1725044	1725044	-0.254675	0.0109719	-0.0016127	-0.00198387	0.00508972	9.33642e-05	-0.0188787	-0.00988725	-0.0169082	0.0239128	AFR
HG02461	1729772	1729772	-0.270355	0.0158529	0.000929063	-0.000143659	-0.0666273	-0.00110274	0.0427803	0.0133994	0.0599723	-0.000602421	AFR
HG02964	1734184	1734184	-0.286581	0.0178498	0.000156467	-0.000166524	0.0188043	-0.00216978	-0.0462077	-0.0205688	0.0163622	-0.0185672	AFR
HG03247	1726142	1726142	-0.275997	0.0125414	0.00110084	0.000221713	-0.0686174	-0.00162069	0.0314206	0.00640531	0.0290574	0.00942255	AFR
HG03373	1734966	1734966	-0.287529	0.0184484	0.00120841	0.000784493	0.0196729	0.0017157	-0.046841	-0.0131276	0.0185045	-0.0427758	AFR
HG03428	1731432	1731432	-0.280582	0.0182768	-0.000609055	0.000124848	-0.0456001	-0.000748829	0.015929	0.00793573	-0.0920439	-0.0179221	AFR
HG03458	1729978	1729978	-0.281507	0.0171954	0.000146446	0.000881566	-0.0396471	-0.00369271	0.0127574	0.00509044	-0.0888789	-0.0234974	AFR
HG03574	1734192	1734192	-0.281822	0.0176504	-0.000699393	-0.00254623	-0.047535	-0.000470422	0.0137097	0.00288773	-0.0767037	-0.0154963	AFR
HG03585	1732034	1732034	0.0915702	-0.00355531	0.0805764	0.0253608	-0.00405719	0.00462004	-0.0030357	0.00642319	-0.00133788	-0.00219872	SAS
HG03593	1724862	1724862	0.093861	-0.00489822	0.084012	0.0275715	-0.00132856	0.00678491	-0.0023296	-0.00208771	-0.000900063	-0.00727134	SAS
HG03646	1735134	1735134	0.086901	-0.0203891	0.0999506	0.0311941	-0.00108721	0.00203329	-0.00244583	0.00178301	-0.0025887	-0.0123613	SAS
HG03680	1727914	1727914	0.0890325	-0.0214513	0.101603	0.0318801	-0.00161905	0.00398685	-0.00102405	-0.00147023	0.00251365	-0.0158217	SAS
HG03698	1717724	1717724	0.086637	-0.0230428	0.0956438	0.0329498	-0.00245742	-0.00116248	0.000831238	-0.00138345	0.00163625	-0.0201414	SAS
HG03730	1710260	1710260	0.0852839	-0.00597391	0.112219	0.0390991	-0.00115574	-0.00208045	-0.000843864	-0.000469272	0.00284476	-0.0210775	SAS
HG03741	1733934	1733934	0.0908382	-0.0158134	0.100833	0.0308773	0.00108805	5.51107e-06	-0.000262338	0.0041464	0.000131112	-0.0170181	SAS
HG04198	1732480	1732480	0.0879254	-0.0297327	0.0969562	0.0322826	0.000935071	0.00240721	0.00125984	-0.00021225	2.62304e-05	-0.0120377	SAS
NA06989	1733962	1733962	0.0961332	-0.127744	-0.0299662	-0.0412006	0.000697968	-0.00141967	-0.00498444	0.0137942	-0.00126741	0.0092222	EUR
NA06994	1733038	1733038	0.0951849	-0.129667	-0.0302317	-0.0400433	-0.00229774	-0.00217095	-0.00619176	0.0110059	0.000239955	0.0138501	EUR
NA07435	1733680	1733680	0.0940392	-0.131049	-0.0278146	-0.0432857	-0.000818056	-0.00176326	-0.00472521	0.0105844	3.04507e-05	0.00444187	EUR
NA11830	1734934	1734934	0.0965251	-0.129636	-0.0313139	-0.0388344	-0.000679887	-0.00274724	-0.00876454	0.0179846	-0.00422973	0.00853998	EUR
NA11840	1734006	1734006	0.095834	-0.125787	-0.0341871	-0.0383954	-0.0017176	-0.00732504	-0.00662185	0.021572	0.000221795	0.000625588	EUR
NA11917	1734434	1734434	0.0936232	-0.128525	-0.0277189	-0.035503	-0.000877047	-0.00263321	-0.00567161	0.017239	-0.00161987	0.00352829	EUR
NA11931	1731794	1731794	0.0941966	-0.130716	-0.0312693	-0.0382996	-0.00191613	0.00214746	-0.00555134	0.00998097	-0.00128845	0.0105879	EUR
NA11932	1733864	1733864	0.0908695	-0.134271	-0.028169	-0.0374092	-0.000457235	0.00248615	-0.00210686	0.00617519	0.0021264	0.0020561	EUR
NA11994	1732858	1732858	0.0950368	-0.12789	-0.0363887	-0.0386655	0.000729188	-0.00183108	-0.0038655	0.00610074	0.000753565	0.00922353	EUR
NA12004	1733050	1733050	0.091464	-0.130975	-0.0295789	-0.0424473	-0.000274618	0.0026167	0.000186886	0.00607014	0.00162295	0.00892362	EUR
NA12045	1735158	1735158	0.095249	-0.129058	-0.0351322	-0.0367541	-0.00269362	0.000952424	-0.00313902	0.00720374	0.00133002	0.00528418	EUR
NA12057	1730570	1730570	0.0937855	-0.132669	-0.0326388	-0.0388129	-0.0007347	-0.00314422	-0.00868861	0.0160566	-0.00159292	0.00851621	EUR
NA12272	1734056	1734056	0.0923603	-0.131251	-0.0316926	-0.0424704	-0.000390816	-0.00097497	0.000254598	0.00573625	-0.00104774	-0.00366242	EUR
NA12274	1732622	1732622	0.0964462	-0.129577	-0.0318226	-0.0391914	0.000753872	0.00269525	-0.00413223	0.00695267	-0.00302162	0.0036923	EUR
NA12400	1735278	1735278	0.0957306	-0.131484	-0.0333135	-0.037707	0.000961184	-0.000790115	-0.00353518	0.00242826	-0.000285446	0.00234953	EUR
NA12762	1733216	1733216	0.0940774	-0.13347	-0.0320521	-0.0401811	-0.00110617	-1.03854e-05	-0.006057	0.00368244	-0.00103967	0.00714017	EUR
NA12775	1728550	1728550	0.0955483	-0.13421	-0.0302428	-0.0355625	-0.00285216	-3.11999e-05	-0.00265177	0.0114586	-0.00332966	0.00311561	EUR
NA12776	1733464	1733464	0.0935093	-0.128758	-0.0352006	-0.0366046	0.00068349	-0.00282425	-0.00851151	0.0180197	-0.00256752	0.00585596	EUR
NA12778	1734726	1734726	0.0959491	-0.134407	-0.0348434	-0.0398624	0.000314058	-0.00250553	-0.00731143	0.00846078	-0.00246028	0.00648718	EUR
NA12827	1735074	1735074	0.0947842	-0.132668	-0.0344732	-0.0351774	-3.90091e-05	0.000303843	-0.00709241	0.00954484	0.00284934	0.00716863	EUR
NA12830	1735548	1735548	0.0941138	-0.12999	-0.0334602	-0.0375715	-0.00106735	-0.00077522	-0.0031902	0.00688712	-0.000729509	0.00781583	EUR
NA12842	1734340	1734340	0.0954318	-0.133619	-0.0309523	-0.0420401	0.00157911	-0.00142592	-0.00467931	0.00998428	0.000886885	0.00877893	EUR
NA12875	1730024	1730024	0.0965963	-0.131092	-0.033909	-0.0376838	-0.000801804	-0.00552189	-0.0105431	0.025954	0.00152499	0.00429372	EUR
NA12889	1730838	1730838	0.0922263	-0.133796	-0.0329924	-0.0404845	-0.000125159	0.00257826	-0.00309323	0.00566415	-0.00202761	0.00114217	EUR
NA12892	1731192	1731192	0.0927532	-0.131039	-0.0312854	-0.0363529	0.00285038	0.000284896	-0.00262657	0.0128993	0.00164074	0.00216806	EUR
NA18517	1731922	1731922	-0.286817	0.018065	-0.00367469	-0.0012989	0.015988	0.0031718	-0.0265076	-0.00932256	0.00274229	0.0128357	AFR
NA18558	1726492	1726492	0.123745	0.167842	-0.0202231	-0.0293536	0.00126551	-0.0287454	0.00098344	-0.00199683	-0.000360997	0.00321293	EAS
NA18855	1733752	1733752	-0.284935	0.0172705	-0.000592344	0.000372795	0.0088676	-0.00184814	-0.0242767	-0.0113156	0.00415975	-0.000414659	AFR
NA18874	1729294	1729294	-0.286158	0.0187182	-0.00164571	-0.000442423	0.0128152	-0.0011305	-0.0257923	-0.00564967	0.00483907	0.0402433	AFR
NA19256	1733210	1733210	-0.284903	0.0198639	0.000260507	3.58432e-05	0.0158103	-0.000774449	-0.037007	-0.0113247	0.00576601	0.0109129	AFR
NA19396	1727398	1727398	-0.259337	0.0139789	0.00194976	-0.0021656	0.0836227	-0.000636195	0.0638557	0.0235247	-0.00563576	-0.00971805	AFR
NA19461	1729522	1729522	-0.257269	0.0107466	0.000744702	-0.00218732	0.0735635	-0.000165596	0.0577179	0.0202987	0.00928931	-0.0179609	AFR
NA19725	1735034	1735034	0.085086	-0.0528493	-0.0628272	0.0479837	0.00159762	0.00210637	0.00650635	-0.00883525	-0.00243197	-0.00308234	AMR
NA19728	1732588	1732588	0.12102	0.0636609	-0.111652	0.186632	0.000348887	-0.00162092	-0.00212887	0.0121965	0.0029124	-0.00115113	AMR
NA19777	1735168	1735168	0.0732674	-0.0276285	-0.0699582	0.0739882	-3.09912e-05	0.00142806	0.00589861	-0.0118259	-0.000176408	0.00117826	AMR
NA19780	1734516	1734516	0.0863266	-0.0508962	-0.0672617	0.0562591	-0.000954974	0.00511839	0.00541553	-0.00921656	0.00137172	-0.00445811	AMR
NA19916	1733730	1733730	-0.237153	0.00212858	-0.00145457	-0.00503186	0.00107466	-0.00154496	-0.00403144	0.00218633	-0.00198661	0.0164187	AFR
NA20127	1734482	1734482	-0.246081	0.00396054	-0.0041533	-0.00406527	-0.00109244	0.00178203	-0.00108029	-0.000287953	-0.00321537	0.0319963	AFR
NA20509	1733772	1733772	0.0859403	-0.128473	-0.0235648	-0.0371908	0.00375121	0.00309435	0.0143316	-0.0342562	0.00215463	-0.000450295	EUR
NA20514	1733922	1733922	0.0898361	-0.126899	-0.0226187	-0.039163	0.00147784	0.00330167	0.0148172	-0.0333949	0.00145981	-0.00736088	EUR
NA20516	1734276	1734276	0.0907854	-0.125206	-0.0230241	-0.042583	0.000233513	0.009729	0.00973268	-0.0320158	-0.000460574	0.000303713	EUR
NA20517	1734042	1734042	0.089542	-0.129741	-0.0270243	-0.0402635	-1.16645e-05	0.00401725	0.013819	-0.0301798	-0.00181338	-0.00152706	EUR
NA20518	1731018	1731018	0.0876081	-0.127349	-0.0270262	-0.0372322	-0.00116687	0.00396577	0.00943708	-0.030391	-8.70991e-05	0.000777765	EUR
NA20530	1734220	1734220	0.0892783	-0.127415	-0.0269347	-0.0394887	-0.00047232	0.00311899	0.0129577	-0.0279561	-0.00243975	0.00641721	EUR
NA20533	1733132	1733132	0.0889629	-0.130229	-0.0244995	-0.0375224	7.19657e-05	0.00858053	0.0137642	-0.0331009	-0.000366062	0.000904664	EUR
NA20534	1735002	1735002	0.0868041	-0.129267	-0.0237417	-0.039387	0.00069867	0.00786808	0.0128698	-0.0313117	-0.00225067	-0.00163061	EUR
NA20535	1735514	1735514	0.0888674	-0.129706	-0.027987	-0.040645	0.00384442	0.00503812	0.0120907	-0.0300927	-0.00042077	-0.00233602	EUR
NA20536	1732508	1732508	0.0868342	-0.127678	-0.0245783	-0.0379407	0.00192462	0.00532676	0.0121114	-0.0270818	0.00071123	-0.00393795	EUR
NA20544	1734954	1734954	0.0878172	-0.127567	-0.0224406	-0.0385139	0.000492787	0.00494555	0.0112191	-0.0283547	-0.00103505	0.000193501	EUR
NA20587	1734730	1734730	0.0877612	-0.129528	-0.0223034	-0.0420926	0.00293477	0.00487303	0.0121995	-0.0263569	-0.00127102	0.000168485	EUR
NA20761	1727126	1727126	0.0882829	-0.127779	-0.0235852	-0.0406557	0.00181529	0.00576984	0.011709	-0.0318711	0.000461009	0.00253404	EUR
NA20764	1731166	1731166	0.0861532	-0.129089	-0.027633	-0.041266	0.000325362	0.00376115	0.0131778	-0.0317945	-0.00206029	-0.00445819	EUR
NA20768	1725638	1725638	0.0871997	-0.130008	-0.0233754	-0.0400409	0.00214485	0.00788575	0.0123162	-0.0318802	-9.38874e-05	0.00576078	EUR
NA20769	1733778	1733778	0.0874447	-0.131326	-0.0263696	-0.0392546	-0.00155563	0.0061887	0.0105562	-0.0279268	0.000899231	0.000434024	EUR
NA20775	1733338	1733338	0.0872607	-0.128188	-0.0236389	-0.0389076	0.00182158	0.00154045	0.0107103	-0.0276836	-0.00238495	-0.00146588	EUR
NA20787	1731914	1731914	0.0839849	-0.128885	-0.0231822	-0.0403378	0.00183598	0.00584987	0.0140573	-0.037725	0.00101513	-0.00193582	EUR
NA20816	1731926	1731926	0.0884852	-0.12692	-0.0247081	-0.0434255	-0.000271411	0.0037472	0.00888257	-0.0290403	-0.00139243	0.00450745	EUR
NA20827	1736042	1736042	0.087087	-0.129527	-0.026026	-0.0403679	0.00163421	0.00497955	0.0123306	-0.0263287	0.000325024	0.00415812	EUR
NA20828	1733946	1733946	0.08658	-0.128234	-0.0236491	-0.035527	0.00261871	0.00552354	0.0139527	-0.0360314	-0.00160459	0.00395432	EUR
NA20829	1735844	1735844	0.0869314	-0.130366	-0.0243273	-0.0402276	0.00229443	0.00589765	0.0145208	-0.0330169	-0.00230871	0.00495233	EUR
NA20831	1733818	1733818	0.0888584	-0.12949	-0.0246994	-0.0401161	0.00351242	0.00422623	0.0110353	-0.0286094	-6.20401e-05	0.00362319	EUR
NA20888	1734406	1734406	0.0921639	-0.0327488	0.0965199	0.0322675	0.000914794	-0.00728988	-0.00187261	-0.000622206	0.000210415	0.0511241	SAS
NA20891	1734210	1734210	0.0910874	-0.0497307	0.0738608	0.021052	-0.000443943	-0.00197259	-0.00209607	0.00236328	-0.00198788	0.00740235	SAS
NA21108	1735310	1735310	0.0883146	-0.0542915	0.0686287	0.0194189	0.000807987	0.000303128	-0.000471914	0.00251065	-0.00175633	0.0163938	SAS
HG00098	1723822	1723822	0.0954294	-0.128706	-0.0286827	-0.0380728	-0.00130778	0.00276542	-0.00586726	0.0134031	-0.000818761	0.00449738	EUR
HG00105	1726674	1726674	0.0910203	-0.129497	-0.0307339	-0.0380716	-2.8505e-05	0.00138388	-0.00548791	0.0105742	-4.26376e-05	0.00390614	EUR
HG00106	1727012	1727012	0.0951355	-0.128686	-0.0277719	-0.0376134	-0.00170812	-0.00239549	-0.00889441	0.011918	0.00286271	0.00478749	EUR
HG00134	1734542	1734542	0.0921262	-0.13334	-0.0301475	-0.0335968	0.00140731	-0.00179341	-0.0074439	0.0142983	-0.000275427	-0.00215649	EUR
HG00235	1731656	1731656	0.0918788	-0.129615	-0.0311261	-0.0411895	0.00248329	0.00134114	-0.00607042	0.0112085	0.00117672	0.00568942	EUR
HG00255	1734982	1734982	0.0917642	-0.130584	-0.0306286	-0.0403713	0.00115401	-0.00207736	-0.00725604	0.00923062	0.0019803	0.000196726	EUR
HG00280	1734610	1734610	0.0964695	-0.111332	-0.0333829	-0.0335907	-0.00189997	0.0150392	-0.0324538	0.0711934	-0.000676682	-0.00161308	EUR
HG00338	1731812	1731812	0.0949309	-0.114146	-0.0311939	-0.036795	-0.00235972	0.0150723	-0.0348103	0.0766485	-0.00451451	-0.0105579	EUR
HG00366	1735458	1735458	0.0961798	-0.108299	-0.0310976	-0.0290267	-0.000236012	0.013026	-0.0306925	0.0726921	-0.00574523	-0.0075569	EUR
HG01122	1734404	1734404	0.0701659	-0.0786014	-0.0518034	0.0233565	0.00149481	-0.00403522	0.00659018	-0.01766	-0.00196784	-0.00558839	AMR
HG01168	1724676	1724676	0.0765655	-0.111908	-0.0288498	-0.0189012	-0.00173484	-0.00649362	0.0155295	-0.0330787	0.00236769	-0.00991232	AMR
HG01272	1730176	1730176	0.0301806	-0.0377141	-0.0525106	0.0456737	0.00192948	-0.00445678	0.00590786	-0.00763533	-0.00076496	-0.000359926	AMR
HG01281	1722778	1722778	0.0853531	-0.0696598	-0.0545222	0.0252697	-0.00441463	-0.00777699	0.0133981	-0.0192708	0.00116604	-0.000200844	AMR
HG01302	1734224	1734224	0.0510987	-0.0729738	-0.0423742	0.012506	-0.00209502	-0.00789905	0.0169908	-0.0312716	0.00250858	-0.00855351	AMR
HG01501	1733934	1733934	0.0761346	-0.12477	-0.0296226	-0.0412242	-0.0014553	-0.00588782	0.00818601	-0.0135801	-0.00253385	-0.000379298	EUR
HG01694	1733162	1733162	0.0670259	-0.123502	-0.0277411	-0.039747	-0.000713035	-0.00213547	0.0125223	-0.0224343	-0.000873625	-0.00215345	EUR
HG01700	1734574	1734574	0.0905259	-0.131582	-0.0338196	-0.04073	-0.0016716	-0.00413879	0.00930355	-0.022226	0.0012089	-0.00913613	EUR
HG01768	1731402	1731402	0.0795949	-0.128198	-0.0300905	-0.0448969	-0.000469798	-0.00140021	0.0125325	-0.0257394	-0.000774962	-0.00495823	EUR
HG01775	1731364	1731364	0.0865453	-0.13481	-0.0341776	-0.0457846	0.000183738	-0.00185819	0.00782944	-0.0173845	-0.000552207	-0.00591413	EUR
HG01784	1735398	1735398	0.0833731	-0.1276	-0.0307687	-0.0432034	-0.00134609	-0.00337278	0.0128075	-0.0231547	0.000174754	0.0029515	EUR
HG01789	1734794	1734794	0.0929355	-0.131058	-0.0349905	-0.0401911	-0.000640466	-0.00172795	-0.00366291	0.00341793	0.00241944	0.000396641	EUR
HG02076	1726190	1726190	0.118615	0.168754	-0.0084658	-0.037245	0.00131705	-0.0435773	-0.00257188	0.00578498	-0.00111284	-0.00130868	EAS
HG02855	1731308	1731308	-0.27435	0.0165398	0.00155308	0.000620304	-0.0764656	-0.00226445	0.0358591	0.00998162	-0.0463804	0.00376069	AFR
HG03015	1730038	1730038	0.0883402	-0.0248849	0.0926341	0.0319495	0.00112683	0.00415373	-0.000633613	0.00354814	-0.00079542	-0.038694	SAS
HG03088	1724970	1724970	-0.28262	0.0163491	-5.30846e-05	-0.000518433	-0.0458821	0.00181999	0.00568206	0.000827331	0.0187874	-0.000466433	AFR
HG03575	1730836	1730836	-0.286338	0.0188876	-0.0016186	-0.00213602	-0.0305568	-0.0014031	-6.45216e-05	0.00276691	0.0579714	-0.000355139	AFR
HG03600	1731430	1731430	0.0884877	-0.0105422	0.107522	0.0405161	-0.000351872	0.00230203	-0.00297904	0.00592511	-0.00075671	-0.0131265	SAS
NA07000	1735842	1735842	0.0932691	-0.129176	-0.0311877	-0.0379281	0.00165306	0.00360132	-0.00827876	0.0168255	0.0009828	0.0013745	EUR
NA10853	1729786	1729786	0.0904759	-0.127872	-0.0292807	-0.0395485	0.000787681	-0.000617544	-0.00574756	0.013446	0.000448357	0.00130331	EUR
NA11839	1730260	1730260	0.090766	-0.129325	-0.0290896	-0.0448684	0.00103216	0.00388703	-0.00538925	0.0109904	-0.00224546	-0.00388013	EUR
NA12005	1732886	1732886	0.0937224	-0.135726	-0.032134	-0.0396517	-7.14431e-05	0.00474176	-0.0100099	0.0115577	-0.00055809	0.00342293	EUR
NA12044	1733782	1733782	0.0934456	-0.13303	-0.031641	-0.042328	-0.000461729	0.00106088	-0.00638718	0.0114665	-0.000580963	-0.00235207	EUR
NA12340	1733250	1733250	0.0914384	-0.134059	-0.0290757	-0.0389948	-0.00147415	-0.000147976	-0.00590576	0.0112957	-0.00389468	0.00360187	EUR
NA12708	1733298	1733298	0.0923136	-0.125481	-0.0276476	-0.0373974	0.000522048	0.000760208	-0.0070262	0.0177025	0.000400307	0.00478711	EUR
NA12777	1730188	1730188	0.0939945	-0.13295	-0.0287065	-0.0438431	-0.00165222	0.00374702	-0.00444299	0.0111832	0.000541963	-0.000197601	EUR
NA12872	1728600	1728600	0.0921795	-0.127123	-0.0290894	-0.0384406	-0.00185787	0.00327083	-0.00582973	0.00446834	0.00321558	0.00507383	EUR
NA18635	1734804	1734804	0.121378	0.168837	-0.0202821	-0.0314264	-0.00107564	0.0307557	0.00136507	-0.003707	6.37493e-05	0.0035694	EAS
NA18950	1733862	1733862	0.119884	0.169316	-0.0184448	-0.02467	-0.00166513	0.0775854	0.0044862	-0.0132363	-0.00117249	-2.21212e-05	EAS
NA19657	1733210	1733210	0.0885259	-0.0014537	-0.0822991	0.104141	0.00018471	-0.00520367	0.000643941	-0.00425607	-0.000236364	-0.00239023	AMR
NA19670	1730044	1730044	0.086565	-0.0249539	-0.0696347	0.0826586	-0.00258585	-0.00089345	0.00690845	-0.00823964	0.00201937	-0.00300882	AMR
NA19741	1733910	1733910	0.112283	0.044975	-0.108442	0.162581	0.000488886	0.00353603	-0.00140438	0.00140839	0.000668086	-0.00125701	AMR
NA20525	1724744	1724744	0.0836911	-0.129275	-0.0201323	-0.0435201	0.00121034	-0.00543602	0.0134447	-0.0329343	-0.0014166	-0.00315383	EUR
NA20540	1735150	1735150	0.0867233	-0.131675	-0.0251392	-0.0387004	-0.000970919	-0.0056411	0.0135232	-0.0291025	-0.00217722	-0.00253022	EUR
NA20581	1734692	1734692	0.0858671	-0.130926	-0.0230617	-0.0411195	0.00248653	-0.00265321	0.0143015	-0.0306041	0.00205292	0.00311484	EUR
NA20760	1730780	1730780	0.0867334	-0.12699	-0.0241009	-0.0440665	-0.000913499	-0.00351463	0.0124491	-0.020513	0.0011972	0.010255	EUR
NA20801	1728214	1728214	0.08551	-0.13079	-0.0253829	-0.0391182	0.00186054	-0.00222909	0.0121514	-0.0233465	0.00151602	-0.00184578	EUR
NA20806	1733970	1733970	0.0855462	-0.130709	-0.0261139	-0.0388151	0.00120406	-0.00502842	0.0153805	-0.0352514	0.00286493	0.00269194	EUR
NA20810	1733224	1733224	0.0834995	-0.129896	-0.0254326	-0.0375904	0.00136905	-0.00501896	0.0186438	-0.0350182	0.000142486	4.39744e-05	EUR
NA20811	1727318	1727318	0.082231	-0.133504	-0.0222918	-0.0342148	0.000358912	-0.00766105	0.014063	-0.0293644	0.000929137	0.00392323	EUR
NA20818	1733544	1733544	0.0876105	-0.126151	-0.0219868	-0.0397129	0.000460107	-0.00720667	0.011997	-0.0309938	0.000629434	0.00700312	EUR
NA20822	1730470	1730470	0.0844836	-0.125551	-0.0249576	-0.0398895	0.000822587	-0.00310955	0.0134322	-0.0244256	0.00252118	-3.79704e-05	EUR
NA20826	1730944	1730944	0.0847738	-0.130005	-0.0209605	-0.0400069	-0.000479599	-0.00851254	0.0133338	-0.027063	0.00221927	0.00743181	EUR
HG00261	1734204	1734204	0.0889961	-0.131197	-0.0203255	-0.0466759	-0.00176568	-0.000259723	-0.0038965	0.00266343	-0.00230947	0.00347121	EUR
HG00275	1733694	1733694	0.0936163	-0.117157	-0.0213273	-0.0440776	-0.000634884	0.0203367	-0.0548025	0.0280928	-0.000980246	-0.00421431	EUR
HG00284	1735094	1735094	0.0961128	-0.112509	-0.0221566	-0.0398122	9.50538e-05	0.0231283	-0.0691084	0.0374771	-0.00459705	-0.00260972	EUR
HG00319	1733330	1733330	0.094523	-0.108604	-0.0218685	-0.0384552	-0.00368345	0.024475	-0.0686097	0.0391565	-0.00358206	-0.00551149	EUR
HG00331	1735766	1735766	0.0951408	-0.114613	-0.0258006	-0.0388148	0.000783217	0.0217821	-0.0604857	0.0336729	-0.00399773	-0.00618483	EUR
HG00553	1735064	1735064	0.0270788	-0.0641747	-0.0425606	0.00972636	0.00208155	-0.0103203	0.0306068	-0.0105377	-0.00651417	-0.0130352	AMR
HG01686	1733930	1733930	0.0805737	-0.129049	-0.0186014	-0.0454359	0.00168094	-0.00475766	0.0161845	-0.00463127	0.00171586	0.00584989	EUR
HG01707	1735052	1735052	0.0773738	-0.127608	-0.0209719	-0.0480435	9.06719e-06	-0.00659403	0.0161361	-0.00786801	0.00279438	-0.000854982	EUR
HG01791	1732604	1732604	0.0895108	-0.131202	-0.0203466	-0.0433218	-0.000577772	0.00297773	-0.0070575	0.00202353	-0.000249871	0.00518868	EUR
NA12144	1734106	1734106	0.0891251	-0.131077	-0.0170332	-0.0423798	-0.000976476	-0.0014467	-0.00662679	0.000350907	-0.00146694	0.00391043	EUR
NA12375	1734852	1734852	0.0871872	-0.130158	-0.0181458	-0.0454012	0.000256408	0.00168877	-0.0103925	0.00461182	-0.00296398	0.00164029	EUR
NA12751	1712406	1712406	0.0854827	-0.13228	-0.0199998	-0.0445226	-0.00142987	0.00494266	-0.0154332	0.00715713	0.000998271	0.00187547	EUR
NA20519	1734390	1734390	0.0822383	-0.12855	-0.014899	-0.0449733	-0.00207973	-0.009614	0.0283724	-0.0139023	0.000950345	0.00492545	EUR
NA20813	1732318	1732318	0.0827885	-0.129894	-0.0123402	-0.0400471	-0.000148799	-0.0112084	0.0255251	-0.011905	0.00370195	0.00357803	EUR
HG01437	1735892	1735892	0.0857279	-0.105886	-0.0402909	0.0154093	-0.000368742	0.00447395	-0.011123	-0.0297209	0.000627971	-0.000937609	AMR
NA07051	1733218	1733218	0.0913377	-0.134726	-0.026803	0.0437698	-0.000449856	0.00066771	0.00702844	0.0198827	-0.00042091	0.0050805	EUR
